user_id,f_name,l_name,gmail,aud,gender,income
FDF676FD-8872-4660-AF62-237C538F4DC1,Uriah,Conley,Uriah.Conley@gmail.com,A,M,A
BB4EAF11-0266-A2ED-5DB0-09F7966F2465,Elvis,Valencia,Elvis.Valencia@gmail.com,B,M,D
1B44AA2A-89BC-E3D8-11A3-963835DDD207,Quentin,Hoover,Quentin.Hoover@gmail.com,C,M,D
75701703-F1AF-5A30-51DD-3D8E60FD25AC,George,Rosa,George.Rosa@gmail.com,A,M,B
60780DED-9598-8268-34BE-7A61E6CE3002,Forrest,Newman,Forrest.Newman@gmail.com,B,M,B
3BD346BF-0ECC-D714-B75F-0C1FFFECEFCD,Vincent,Hoffman,Vincent.Hoffman@gmail.com,C,M,D
23447021-C951-AC4D-6323-AFD14F1BE0EC,Rashad,Blackburn,Rashad.Blackburn@gmail.com,A,M,D
77BDE742-F538-4FDE-5D04-F1AA01FDB365,Russell,Farrell,Russell.Farrell@gmail.com,B,M,A
D6FB1DB7-2550-6A81-998F-90C917A5E35A,Wesley,Wolf,Wesley.Wolf@gmail.com,C,M,D
FA5A37D6-FBCC-5389-2749-81B34D6A8631,Graham,Knowles,Graham.Knowles@gmail.com,A,M,A
136804C1-6DA1-CF79-EAD2-967ED09D0CDB,Lester,Holcomb,Lester.Holcomb@gmail.com,B,M,A
0626878C-E599-ABD8-C346-473F117646DE,Rigel,Pruitt,Rigel.Pruitt@gmail.com,C,M,D
73E2DE80-E1AF-4D91-E1C5-19A20E151FE8,Norman,Lang,Norman.Lang@gmail.com,A,M,B
AD4E5E7B-4A75-2698-92D1-4AC94AE05221,Randall,Meyer,Randall.Meyer@gmail.com,B,M,C
5AC9C3EF-8872-F191-4C2E-155174D07145,Nolan,Solis,Nolan.Solis@gmail.com,C,M,D
F6EDE4A5-2617-9FEC-EBE6-1FA0D3EEE6B6,Jarrod,Zamora,Jarrod.Zamora@gmail.com,A,M,D
CEF8A7D3-A95D-3CCF-38B4-79626EBC95C6,Mohammad,Barlow,Mohammad.Barlow@gmail.com,B,M,D
5B3060D8-2B73-9CD3-E8CA-6895CC1AAF35,Nathaniel,Bond,Nathaniel.Bond@gmail.com,C,M,A
86EACFED-2A94-5FD4-1CA7-1B4D8755C39F,Joshua,Oneil,Joshua.Oneil@gmail.com,A,M,C
B38764EE-738A-B6C5-1B68-8E7998FCB3B3,Neville,Glenn,Neville.Glenn@gmail.com,B,M,D
8B8117C1-0520-99A6-ECB7-06622E1AA234,Devin,Crosby,Devin.Crosby@gmail.com,C,M,D
203A7E4D-9DED-9290-D11F-A58F9D76EE5F,Emmanuel,Willis,Emmanuel.Willis@gmail.com,A,M,D
9CF3F732-62E1-CB1B-CC2C-1B4BCF6CDB5D,Zahir,Sawyer,Zahir.Sawyer@gmail.com,B,M,A
E91A94CF-BCED-7F17-0312-BADD0340C4BE,Cairo,Jacobson,Cairo.Jacobson@gmail.com,C,M,A
E206AB4C-7DE5-A252-540E-74873039AFF5,Victor,Vega,Victor.Vega@gmail.com,A,M,A
C1A3D8F7-D039-8092-71FD-E35944CFF86D,James,Ford,James.Ford@gmail.com,B,M,C
F9E951D3-DF19-EACF-0CAD-1E382773CC36,Arsenio,Hahn,Arsenio.Hahn@gmail.com,C,M,A
D7DC80C7-5039-F4FA-A0E6-C4A406DCFA76,Neville,Bender,Neville.Bender@gmail.com,A,M,C
80AD6278-888B-F719-30D7-38CC02FF93DA,Gary,Black,Gary.Black@gmail.com,B,M,B
463B3E86-AFB4-1E42-2A28-D2D37C426826,Fitzgerald,Conley,Fitzgerald.Conley@gmail.com,C,M,C
F0E47C2B-FD8A-D1EF-4EE3-8849AC2D9930,Ciaran,Macias,Ciaran.Macias@gmail.com,A,M,C
08CAC555-8712-40D0-9964-2D258AAAB94D,Charles,Weaver,Charles.Weaver@gmail.com,B,M,D
79D56252-5B1C-9159-B024-D247A381B6A6,Chadwick,Franks,Chadwick.Franks@gmail.com,C,M,B
D7D73FB5-C920-57D0-BF28-EB308B2243E4,Malcolm,Leon,Malcolm.Leon@gmail.com,A,M,D
CE47D478-75F3-605D-BC29-4EA65195C803,Amal,Bowen,Amal.Bowen@gmail.com,B,M,A
378CAC2F-F159-9C96-C4EE-F144B179F4F9,David,Guerra,David.Guerra@gmail.com,C,M,A
8BB3BEDD-C8FB-8189-7B76-4D7DEEAE1008,Xenos,Wyatt,Xenos.Wyatt@gmail.com,A,M,A
C0A168EC-016D-E66A-2D03-41EC112795C7,Uriel,Mcbride,Uriel.Mcbride@gmail.com,B,M,D
D8F3E793-A850-14D1-CC74-A5416009C373,Wing,Fletcher,Wing.Fletcher@gmail.com,C,M,C
8FD25C08-6E23-7BA9-46B0-CF48E406E806,Michael,Delaney,Michael.Delaney@gmail.com,A,M,B
508061D6-4172-239C-AEBB-83462E374217,Jin,Parrish,Jin.Parrish@gmail.com,B,M,D
FD428DDD-0AC6-6D55-F922-C16341FEC187,Mark,Campos,Mark.Campos@gmail.com,C,M,B
A819AE12-9747-7753-B84F-8CF83DB3A4DB,Harding,Anthony,Harding.Anthony@gmail.com,A,M,B
553A051D-00DD-637C-CCD4-19B68325C1D1,Aaron,Joseph,Aaron.Joseph@gmail.com,B,M,D
D70B1729-1574-23B1-6528-3A175FCD43AC,Zeus,Richardson,Zeus.Richardson@gmail.com,C,M,C
29F3AE47-9B31-F2BE-ACB5-DF0A424E4F93,Vaughan,Vega,Vaughan.Vega@gmail.com,A,M,D
A201AF45-6DB8-72A2-3CD0-AF8300CD1651,Lyle,Castillo,Lyle.Castillo@gmail.com,B,M,D
FA30F6F9-C082-DAB7-B6A8-18730D7DD438,Gareth,Curry,Gareth.Curry@gmail.com,C,M,D
4F0970FE-A2B9-B5C5-3BD5-A75166CEA95C,Declan,Conner,Declan.Conner@gmail.com,A,M,D
EA7A96E0-198E-C657-4EA5-49A7BE67104F,Mohammad,Allen,Mohammad.Allen@gmail.com,B,M,A
31B1C0B7-18A3-03CD-D16E-81637F6E224B,Jackson,Bryant,Jackson.Bryant@gmail.com,C,M,B
DCA7BC89-F718-E84E-1AF4-2A6907329E02,Oscar,Sheppard,Oscar.Sheppard@gmail.com,A,M,B
AFAF42D5-9B8B-43AC-371D-917BE7DDC237,Garrett,Hooper,Garrett.Hooper@gmail.com,B,M,C
5C840816-C2A6-1B1E-E3F3-B49687C6C502,Kyle,Sims,Kyle.Sims@gmail.com,C,M,A
4FE352C7-36A5-5913-7B5C-29CBC0530704,David,Cash,David.Cash@gmail.com,A,M,B
BDCDE5AF-D225-8904-7D4F-1B6E3E913C38,Dalton,Mccarty,Dalton.Mccarty@gmail.com,B,M,A
2A9C457C-91F0-A3AF-7B4A-33C13BE64DF3,Kyle,Estes,Kyle.Estes@gmail.com,C,M,A
489A6CF9-804A-7768-6206-1BFDD15632A9,Cain,Benton,Cain.Benton@gmail.com,A,M,B
4088F701-6C48-270E-6CB2-E9CA3EA87153,Elmo,Charles,Elmo.Charles@gmail.com,B,M,A
C2561B5A-8973-A0CD-53AA-CE868E8D243B,Mark,Nieves,Mark.Nieves@gmail.com,C,M,B
E99801B3-57DE-228D-60FE-F5E7A9121E18,Alec,Lane,Alec.Lane@gmail.com,A,M,C
734A9F03-86D2-0C0B-22A7-608D23AD5C6D,Ira,Bolton,Ira.Bolton@gmail.com,B,M,A
E0946E21-F2C5-0A51-6B5F-BBC9612E1E0A,Leonard,Wade,Leonard.Wade@gmail.com,C,M,D
6C98FE3D-E9FF-E186-AA26-E0F9D6707A07,Paul,Lynch,Paul.Lynch@gmail.com,A,M,D
474CB707-1603-319D-E59B-FFCA895A427F,Beau,Manning,Beau.Manning@gmail.com,B,M,C
239C22FA-E7F2-F52D-20B1-F11D67F26001,Vernon,Justice,Vernon.Justice@gmail.com,C,M,D
A9EDCF52-3952-DD24-692D-D3BEF7201815,Amos,Jimenez,Amos.Jimenez@gmail.com,A,M,B
ED88D520-0B82-A329-9739-58BBB9153C5F,Vaughan,Velazquez,Vaughan.Velazquez@gmail.com,B,M,D
6C739C58-831C-EE43-8DA8-46F43035267D,Wallace,Steele,Wallace.Steele@gmail.com,C,M,D
2179E173-0754-C2DC-DC79-924775C46810,Brian,Jackson,Brian.Jackson@gmail.com,A,M,B
0298BC0F-B76A-A7F1-A90F-B74DB64714F1,George,Carrillo,George.Carrillo@gmail.com,B,M,B
B1CC43B3-8256-D717-3A31-2147EC772F75,Yoshio,Day,Yoshio.Day@gmail.com,C,M,C
0C935292-86DC-9983-5955-BDA7B542DF50,Flynn,Gilmore,Flynn.Gilmore@gmail.com,A,M,D
DF34324B-B9AA-A89B-1E2B-B082D98DCE88,Benjamin,Ross,Benjamin.Ross@gmail.com,B,M,B
F6AC414D-3C56-BF83-8A07-F2458B2106DC,Brian,Bender,Brian.Bender@gmail.com,C,M,D
5A29DF86-29B4-D190-B34F-63E5CB547D3F,Ali,Head,Ali.Head@gmail.com,A,M,A
3C972A07-F692-084D-0228-AFE56240FAFD,Alec,Long,Alec.Long@gmail.com,B,M,A
2724EBC7-1EE5-D4C8-1153-809C9A9DF119,Tarik,Franco,Tarik.Franco@gmail.com,C,M,B
DDAE3E9B-92F1-4F05-66D7-105AE73F65FE,Hayden,Burnett,Hayden.Burnett@gmail.com,A,M,C
0FDD6E28-D76C-1D8A-CB6D-5BAE2CC35871,Arthur,Francis,Arthur.Francis@gmail.com,B,M,D
44993DD6-3D09-A30F-2E8B-7C4749281F9C,Calvin,Kirby,Calvin.Kirby@gmail.com,C,M,B
E7A65175-0578-FE53-A4B9-6C4109870176,Roth,Rosales,Roth.Rosales@gmail.com,A,M,C
DA04D4BB-4DCB-133F-DBAD-2FDBDEC9DA65,Damon,Little,Damon.Little@gmail.com,B,M,B
B73F6EA0-440C-07EE-2955-B99327688CFB,Clinton,Finley,Clinton.Finley@gmail.com,C,M,A
302D11A1-82BC-6B31-7C17-D686474FBD4B,Honorato,Tyson,Honorato.Tyson@gmail.com,A,M,B
5506F3A1-E49C-A394-DAF9-EAC07B6C2C0F,Ishmael,Rivera,Ishmael.Rivera@gmail.com,B,M,B
DA4C935A-34BB-FC4D-5E67-510C5D42A976,Rahim,Shields,Rahim.Shields@gmail.com,C,M,D
BA8E71DB-4C2F-A9FE-C1C3-713B55D74A3C,Quentin,Lynn,Quentin.Lynn@gmail.com,A,M,C
95DD3522-84C2-DAF5-76F5-6DCE09CC0C7A,Jermaine,Vaughn,Jermaine.Vaughn@gmail.com,B,M,C
D35D8E80-EC83-FAD8-29BE-3A3A3078E005,Acton,Patton,Acton.Patton@gmail.com,C,M,D
39CEA221-5FE4-9489-48CE-20EAFC15A33E,Talon,Pitts,Talon.Pitts@gmail.com,A,M,A
54149B41-0B61-5DF0-A9AE-BCA11DCB4C0B,Driscoll,Yates,Driscoll.Yates@gmail.com,B,M,B
3298F313-7A0E-AEBE-5F6A-9E4F5E01E394,Marshall,Chandler,Marshall.Chandler@gmail.com,C,M,D
3A7F2549-64BA-5A53-59B4-E71CC4DFBD3B,Sebastian,Hoffman,Sebastian.Hoffman@gmail.com,A,M,B
D5F1AD9B-08FA-F85E-9CA7-D409681431DA,Clinton,Medina,Clinton.Medina@gmail.com,B,M,B
46CB36C6-A78B-5915-3430-CEE79201AAC0,Tyrone,Beach,Tyrone.Beach@gmail.com,C,M,B
2B9E4F47-CA4F-72D0-1018-B7DDE1A08EE9,Graham,Prince,Graham.Prince@gmail.com,A,M,D
14967DF6-7662-8D77-FB26-002CD7BA5DA6,Grady,Waters,Grady.Waters@gmail.com,B,M,D
CF8A2D8A-F7F3-EB9F-4FC2-005EF0645C57,Lucas,Stanley,Lucas.Stanley@gmail.com,C,M,B
C12C29C0-B3A1-995B-1F61-A1843E6D3DF4,Len,Marsh,Len.Marsh@gmail.com,A,M,B
1F6680CD-4B92-5B5B-298C-50CAE2417141,Raja,Kidd,Raja.Kidd@gmail.com,B,M,B
6592D4FE-0D50-549B-B9EC-3940C5B7D6B1,Plato,Rodgers,Plato.Rodgers@gmail.com,C,M,A
5A95EDF3-5C82-E167-961B-C567BE2E7BF1,Ronan,Case,Ronan.Case@gmail.com,A,M,C
3F17086D-D908-4040-43B5-0D518DD8F8DD,Fritz,Blair,Fritz.Blair@gmail.com,B,M,B
C6151C20-2B1A-951F-B3D3-73CD3656D37A,Isaac,Mcfarland,Isaac.Mcfarland@gmail.com,C,M,A
33FF85DA-383F-F2C6-8268-7DB09C18D47D,Colt,Jacobs,Colt.Jacobs@gmail.com,A,M,A
729D65A0-05CA-BB49-0E89-B67158568DFB,Wylie,Ward,Wylie.Ward@gmail.com,B,M,D
E6F3C6C8-7215-73B5-5CA0-F3E086CAE1C7,Sylvester,Oneill,Sylvester.Oneill@gmail.com,C,M,B
14EA97B7-2BAB-C164-023F-E0EC6832676A,Jasper,Fuentes,Jasper.Fuentes@gmail.com,A,M,C
992D14A6-C5D2-B845-89A8-8B589EEFD2BD,Wallace,Tate,Wallace.Tate@gmail.com,B,M,B
225E43B9-2876-80F4-5182-AEB0BEE8E1BE,Erasmus,Sutton,Erasmus.Sutton@gmail.com,C,M,B
F255DD5B-6F88-43B9-11B2-CCEEEDFE6C6B,Leroy,Cameron,Leroy.Cameron@gmail.com,A,M,C
F6E108F6-55AA-4E79-F61B-42536ED64B97,Basil,Andrews,Basil.Andrews@gmail.com,B,M,B
1CE4BCA0-FFB9-F496-352A-D270DB9165ED,Marvin,Macias,Marvin.Macias@gmail.com,C,M,A
75DE421D-DB56-7D46-F8B4-66A681D57527,Aaron,Pena,Aaron.Pena@gmail.com,A,M,A
81F263D2-25C1-9A7D-6DF2-6E92C7CCED7C,Vaughan,Hoover,Vaughan.Hoover@gmail.com,B,M,D
71E280E9-0B50-121E-E4B4-FE6013252CE9,Ethan,Odom,Ethan.Odom@gmail.com,C,M,D
8EBDC92B-D98B-20E5-2D68-6DF34E70EC8B,Mufutau,Valentine,Mufutau.Valentine@gmail.com,A,M,A
44FA1FA0-F7E7-F2ED-A710-69E16947E44C,Orlando,Rivera,Orlando.Rivera@gmail.com,B,M,C
2D231A70-577E-7D35-674A-7C5882C0091C,Chancellor,Charles,Chancellor.Charles@gmail.com,C,M,C
601ABF29-CA8D-826A-5566-F3B609820AC8,Luke,Campbell,Luke.Campbell@gmail.com,A,M,A
B03E0EB3-08C0-A487-394C-CCF9107E95E1,Jin,Jefferson,Jin.Jefferson@gmail.com,B,M,A
4F126F9E-A1C6-D61A-9221-E272BF538B69,Declan,Harper,Declan.Harper@gmail.com,C,M,C
EED867A4-2652-611C-496B-2A0432AC9745,Aidan,Casey,Aidan.Casey@gmail.com,A,M,C
19A063C3-5347-02B5-5410-F8525AB85AE4,Daniel,Hodge,Daniel.Hodge@gmail.com,B,M,B
C11239CE-DD23-53BD-79EF-50D0F21A22A2,Zephania,Leblanc,Zephania.Leblanc@gmail.com,C,M,A
949AAC20-925F-CA17-A02B-338602609573,Bradley,Velazquez,Bradley.Velazquez@gmail.com,A,M,B
79101CD0-F4FC-1A29-FC28-D61A3AACCA8C,Zachery,Holden,Zachery.Holden@gmail.com,B,M,A
F77DD573-ECFF-529E-DEAF-21E77F32623D,Joshua,Stout,Joshua.Stout@gmail.com,C,M,C
48125C15-218C-65D2-49C1-5164FC8136AB,Murphy,Dyer,Murphy.Dyer@gmail.com,A,M,D
424B5501-D471-D5B4-86E7-3F865804B406,Brody,Lester,Brody.Lester@gmail.com,B,M,C
B8F46DDA-09FB-99EC-DBBC-262800E31206,Jonas,Hensley,Jonas.Hensley@gmail.com,C,M,C
564BAA97-9142-B4AF-F129-2A25F4960000,Jelani,Buckner,Jelani.Buckner@gmail.com,A,M,A
37466E25-ECD3-5E14-0A91-7DAD9806E854,Sebastian,Bridges,Sebastian.Bridges@gmail.com,B,M,C
9FB301BD-E3E2-FB89-AED8-D4E30C5BCF42,Lester,Faulkner,Lester.Faulkner@gmail.com,C,M,A
A82563F9-EAC8-9239-D56A-81D517FCB80D,Steel,Case,Steel.Case@gmail.com,A,M,B
72F65509-EC82-361C-EBB3-7D62538B0CBE,Ryan,Hughes,Ryan.Hughes@gmail.com,B,M,D
B14CCC29-E840-7B7E-454C-0C421E6E2CA5,Reece,Bonner,Reece.Bonner@gmail.com,C,M,A
73B6CAB4-1C64-F059-4057-F0D52AEF0627,Galvin,Benson,Galvin.Benson@gmail.com,A,M,C
F7E88104-447B-F7A2-E6D2-F7C12CFEC79C,Graiden,Nash,Graiden.Nash@gmail.com,B,M,B
2C133DD4-3848-DFEB-DBEA-F68A58E3F51E,Paul,Joyce,Paul.Joyce@gmail.com,C,M,A
17F8C3D4-E08B-AE71-9E4F-281AF3890E17,Adrian,Beard,Adrian.Beard@gmail.com,A,M,B
2B8590FB-9113-4C7F-D26C-3BDDAEC7A53D,Felix,Schroeder,Felix.Schroeder@gmail.com,B,M,A
DD3B06E8-D254-478A-9EB2-E289BF08E608,Elmo,England,Elmo.England@gmail.com,C,M,D
2794368C-6471-1CAF-6A74-6EFD95DA0B35,Hammett,Hahn,Hammett.Hahn@gmail.com,A,M,A
AF3D6FE5-BD5F-3703-8154-63584D0728DE,Emery,Rogers,Emery.Rogers@gmail.com,B,M,D
0B6F839C-AC46-F51C-DFB1-324FAAD42701,David,Hull,David.Hull@gmail.com,C,M,D
87981AC1-AD70-E174-BF00-7C064C345E99,Davis,Santiago,Davis.Santiago@gmail.com,A,M,C
71E49966-5576-5EF3-A8E6-81D59253CC10,Beau,Farley,Beau.Farley@gmail.com,B,M,A
6A2EAE4A-1A78-8C8F-C16B-C54A0BA312E9,Garrison,Garrett,Garrison.Garrett@gmail.com,C,M,D
D544B291-9974-D3B6-1616-87B0057BAD0F,Quinlan,Walsh,Quinlan.Walsh@gmail.com,A,M,B
3D8BDB05-5954-8640-BE60-0310324B4FBF,Xavier,Welch,Xavier.Welch@gmail.com,B,M,B
7A4D0F8F-9667-CEAD-F397-848C4549AEE8,Asher,Beard,Asher.Beard@gmail.com,C,M,B
72546672-F2D3-D89B-1A0D-57F5BF6288D3,Arden,Hogan,Arden.Hogan@gmail.com,A,M,B
69863529-1A80-D0D5-1412-E3F94744E6AD,Oscar,Webb,Oscar.Webb@gmail.com,B,M,C
444F21CA-3AAC-01B1-2E8D-642770310879,Brandon,Jackson,Brandon.Jackson@gmail.com,C,M,D
01B48AE8-4A3D-43BE-D4BB-3EC0A0F69C39,Boris,Pope,Boris.Pope@gmail.com,A,M,A
844FD26F-2B7B-40A3-E060-A9D6CD88C7C6,Ezra,Beck,Ezra.Beck@gmail.com,B,M,B
C3CBFB98-201B-BC84-6333-CA4F583B47A3,Kenyon,Ross,Kenyon.Ross@gmail.com,C,M,B
FA9ADC22-826D-E01E-DB9D-E8175213AEC0,Jarrod,Odom,Jarrod.Odom@gmail.com,A,M,A
337F696A-C350-DDF3-5881-96366281F3B6,Hu,Nash,Hu.Nash@gmail.com,B,M,B
03A80EFA-1ADA-08C5-CB12-9863BD26FE5B,Brock,Kirkland,Brock.Kirkland@gmail.com,C,M,D
69CA7E03-CB8E-60CE-A347-7EB3B2FF47AA,Julian,Tyler,Julian.Tyler@gmail.com,A,M,C
BCCFECDA-1F7E-1991-7D56-43708FD4D9E1,Russell,Le,Russell.Le@gmail.com,B,M,B
1F7990EC-FB54-B4EC-A542-F51337CC0A0D,Garth,Ramirez,Garth.Ramirez@gmail.com,C,M,D
852E666B-F689-DAC2-6FFC-78C8755EB95F,Colt,Bennett,Colt.Bennett@gmail.com,A,M,B
466CDA61-7C39-87A8-A765-5E337E84ACAF,Kibo,Moreno,Kibo.Moreno@gmail.com,B,M,D
BDF097C3-2E5D-AC59-ADEC-057B75E52D80,Matthew,Hamilton,Matthew.Hamilton@gmail.com,C,M,A
A5A1C8C8-B8CA-DCA6-1979-AE95967E0DB9,Emery,Rasmussen,Emery.Rasmussen@gmail.com,A,M,A
43500E3C-A9DB-075D-CA42-BA0D2BDB42FA,Xenos,Bean,Xenos.Bean@gmail.com,B,M,A
5C11526A-AA1D-1DCB-A132-A46B50C980DD,Kibo,Burris,Kibo.Burris@gmail.com,C,M,C
C45437C7-25DE-AF40-78B8-17D756D94AA1,Harlan,Mullen,Harlan.Mullen@gmail.com,A,M,C
C4813489-8E91-E37E-E67A-19C7D9350EF4,Yasir,Daniels,Yasir.Daniels@gmail.com,B,M,B
BE51AD73-4A45-3F1E-0B4E-A94A4B3A839C,Oscar,Branch,Oscar.Branch@gmail.com,C,M,A
D717774D-AB48-FB09-4095-8A53F5CD4F78,Quinn,Bridges,Quinn.Bridges@gmail.com,A,M,B
BC02AC97-A2D8-E513-ABBC-0F7D5E053678,Lucian,Benton,Lucian.Benton@gmail.com,B,M,D
F88231B9-8FC7-E4DB-3B64-30D5D4F7ECD0,Abel,Carver,Abel.Carver@gmail.com,C,M,D
39AB8A10-E631-2A3E-D634-EC864F88DE60,Kane,Colon,Kane.Colon@gmail.com,A,M,A
CC9379FC-0BD8-EDA7-7ACC-4BA6069C9C0C,Joel,Whitaker,Joel.Whitaker@gmail.com,B,M,B
118A99B9-9BA2-AE2B-94F4-F6B48DDAACB0,Damon,Benson,Damon.Benson@gmail.com,C,M,B
301686D3-0A87-DAF0-937F-B69F2EB22ADB,Barclay,Espinoza,Barclay.Espinoza@gmail.com,A,M,C
E91A1C0C-0963-2E2A-E026-E0A5E0FDF2E8,Keith,Hickman,Keith.Hickman@gmail.com,B,M,C
207F86C4-0CFA-56FC-6373-CAF6F45DC73D,Wang,Moses,Wang.Moses@gmail.com,C,M,A
F1E74A65-BAE6-98A6-B95E-2A75F4E9E485,Phelan,Norton,Phelan.Norton@gmail.com,A,M,A
3C1145A1-268E-ED1A-11A0-FD619B2D7298,Benedict,Roberts,Benedict.Roberts@gmail.com,B,M,A
774F0D94-54CF-31E9-A7B3-E3FAA444565E,Hammett,Casey,Hammett.Casey@gmail.com,C,M,D
5A0B8BC0-BD99-29B5-A83F-44B319795227,Dante,Riddle,Dante.Riddle@gmail.com,A,M,D
9D40CB0E-E9B7-873F-2596-1B45A60EC589,Russell,Leonard,Russell.Leonard@gmail.com,B,M,B
2A933845-104F-1913-7EEC-B78D20DD6DA1,Gannon,Maldonado,Gannon.Maldonado@gmail.com,C,M,A
17E8CF55-58D1-E55A-1244-F59C5D7C59B3,Galvin,Warren,Galvin.Warren@gmail.com,A,M,A
B1678374-73B4-FF65-E655-BB331826602C,Edan,Trevino,Edan.Trevino@gmail.com,B,M,A
5986348F-73CF-0574-3903-7948B91E5890,Griffin,Newman,Griffin.Newman@gmail.com,C,M,D
F83C98A0-3FAE-B3F4-C5FB-248C76970313,Malachi,Santiago,Malachi.Santiago@gmail.com,A,M,C
12300AA2-F99F-C1DC-5027-ACBB5D75EEC7,Dane,Blackburn,Dane.Blackburn@gmail.com,B,M,C
E403A7C0-B176-F50F-691B-1CF8020DE992,Mohammad,Avery,Mohammad.Avery@gmail.com,C,M,A
59688493-26E5-4772-983E-D2D23FB26C3D,Oleg,Alvarado,Oleg.Alvarado@gmail.com,A,M,B
EA26FEEE-B995-89C0-D2FE-7D1A9196FD1D,Zahir,Beard,Zahir.Beard@gmail.com,B,M,A
54110EEA-85CD-F1FA-2108-B6CE26089B93,Logan,Baker,Logan.Baker@gmail.com,C,M,A
84E64FFD-6127-AEFB-F9C9-2458168A9F20,Brendan,Alvarado,Brendan.Alvarado@gmail.com,A,M,D
02222A7D-4D88-5D32-DB5B-CF344A70366E,Hasad,Moody,Hasad.Moody@gmail.com,B,M,C
83616CB7-BDB7-078C-7305-183845E4C71F,Wesley,Dodson,Wesley.Dodson@gmail.com,C,M,D
A82A0AC6-EA18-09C5-D366-F1BB729EF722,Reed,Dalton,Reed.Dalton@gmail.com,A,M,A
A9FEC8A1-CF9C-0868-BD0B-4A558EFC31CD,Luke,Long,Luke.Long@gmail.com,B,M,B
B676F10F-1EF2-C07A-19DF-A36490676165,Macaulay,Vega,Macaulay.Vega@gmail.com,C,M,B
BC950AA2-BBFA-1534-A094-57E56365AA85,Vladimir,Estes,Vladimir.Estes@gmail.com,A,M,A
6A35CB06-5BF5-71AD-86F4-63858F583D8D,Gage,Benjamin,Gage.Benjamin@gmail.com,B,M,D
CFA8C1FC-345B-772A-3B73-8DC41F6E16DA,Keith,Benton,Keith.Benton@gmail.com,C,M,D
15783149-B275-5B06-3673-D2461B3B850C,Garth,Estrada,Garth.Estrada@gmail.com,A,M,C
BDDE8E90-A354-CA25-F49E-74907DA9859D,Len,Sandoval,Len.Sandoval@gmail.com,B,M,D
83EBA18D-B87B-08E6-2F71-F48E0447B698,Porter,Zimmerman,Porter.Zimmerman@gmail.com,C,M,B
13ADA923-A2A2-E840-2955-73D71AE8BBFC,Phelan,Castillo,Phelan.Castillo@gmail.com,A,M,A
9EA60463-8CA1-A11F-272E-23F10E4D902D,Ralph,Bates,Ralph.Bates@gmail.com,B,M,B
87D812DD-C6FA-A8BB-64A7-CD84B4085669,Elliott,Rowland,Elliott.Rowland@gmail.com,C,M,B
7965EF5D-BC9F-A822-1ECF-ADAA4DAE04B1,Joel,Langley,Joel.Langley@gmail.com,A,M,C
71416AC0-AF05-006E-EF2A-CBC2C8AC59C1,Brady,Norris,Brady.Norris@gmail.com,B,M,D
FEF1D029-FA47-15DC-711E-7E99EE17C2C8,Solomon,Curry,Solomon.Curry@gmail.com,C,M,C
6933DBF1-D86B-7F09-76C8-0259B6685F13,Samson,Buchanan,Samson.Buchanan@gmail.com,A,M,D
E3078159-6160-C88C-DF7C-BA4AE1E7A2EE,Rahim,Sampson,Rahim.Sampson@gmail.com,B,M,A
31D312FD-AF44-5B0E-01CA-5026561C35B9,Nathan,Jefferson,Nathan.Jefferson@gmail.com,C,M,A
868D8135-AFC0-642C-CBB9-24E1B83AD5BA,Mohammad,York,Mohammad.York@gmail.com,A,M,A
80DB4EFF-9CE2-A0EA-FD32-D93769A66FCC,Marvin,Mooney,Marvin.Mooney@gmail.com,B,M,D
E6DD6EDA-1E51-B8B9-2984-EFDEF43172D6,Tyrone,Holloway,Tyrone.Holloway@gmail.com,C,M,C
94E79E93-D44E-B440-7E43-87437C500D8D,Mark,Cook,Mark.Cook@gmail.com,A,M,B
7FA92A70-81C1-C476-E79E-AE6627273558,Tanner,Mullins,Tanner.Mullins@gmail.com,B,M,A
DF82E80F-4EA5-4E6B-073D-B24AEA5C14B6,Simon,Burgess,Simon.Burgess@gmail.com,C,M,B
1996BF28-C16A-F1AE-1793-5722DA1F1D37,Jamal,Wolfe,Jamal.Wolfe@gmail.com,A,M,D
E841A235-7DC1-DD4D-0F36-E25A6331A22E,Lev,Barton,Lev.Barton@gmail.com,B,M,C
2316C7F8-E98D-9BD6-9051-A3C73471D019,Roth,Fulton,Roth.Fulton@gmail.com,C,M,B
7198888D-85F6-23FB-9247-049A41A58AAF,Thane,Taylor,Thane.Taylor@gmail.com,A,M,D
78C6F643-6828-285C-832A-B8934D9FAAD4,Kyle,Cotton,Kyle.Cotton@gmail.com,B,M,C
B7223F13-D7F6-73D7-7E76-34845F878F07,Ferdinand,Frost,Ferdinand.Frost@gmail.com,C,M,A
B66C0584-B9C2-7501-C6FE-20A930541D00,Christopher,Vaughn,Christopher.Vaughn@gmail.com,A,M,B
CFBC9E0A-B55F-5938-2005-811A173E4C69,Vance,Ashley,Vance.Ashley@gmail.com,B,M,C
AC4C3674-3992-EA62-CCF2-6F19DB34AE75,Curran,Schroeder,Curran.Schroeder@gmail.com,C,M,D
E911DE39-F4F4-902A-B786-B9FF3E3A93F5,Emerson,Moreno,Emerson.Moreno@gmail.com,A,M,D
36373469-2570-C391-EA27-F0D87EFFE3F7,Samuel,Hale,Samuel.Hale@gmail.com,B,M,B
EA83360D-C83F-E2A2-676C-495E9A76D9B4,Roth,James,Roth.James@gmail.com,C,M,A
4DA56466-200B-724D-B8AA-F6382F9EC295,Caesar,Lambert,Caesar.Lambert@gmail.com,A,M,D
CC503213-98ED-4CD4-472D-F4AAC363C604,Carson,Avila,Carson.Avila@gmail.com,B,M,D
55170512-C4E6-D475-94B8-7DFEFE928CF1,Merrill,Alvarado,Merrill.Alvarado@gmail.com,C,M,D
C613C109-DF59-1158-44BD-326379826A8F,Christian,Alford,Christian.Alford@gmail.com,A,M,D
576BBF44-5643-D792-B676-96344ED06A89,Mark,Prince,Mark.Prince@gmail.com,B,M,A
8E41BE20-C672-AEC4-CC33-E2C8742CC2C7,Connor,Mclean,Connor.Mclean@gmail.com,C,M,D
273FE59A-2E05-052A-E397-30F54CF83EBE,Armando,Ingram,Armando.Ingram@gmail.com,A,M,A
1A64703B-FD52-6F9D-8644-24E624F40B84,Julian,Pennington,Julian.Pennington@gmail.com,B,M,D
ECF8956F-B872-87EE-8E75-E4E382961C31,Josiah,Lowery,Josiah.Lowery@gmail.com,C,M,D
50930C1F-2EC4-BB14-D809-7328DC1D10AF,Paul,Hines,Paul.Hines@gmail.com,A,M,C
AFB47308-C2FF-93AE-78EB-3CB23E6DDE68,Boris,Beach,Boris.Beach@gmail.com,B,M,B
C550CAF6-B0BB-F195-067A-64AA6C48091E,Vernon,Nelson,Vernon.Nelson@gmail.com,C,M,B
681DFC61-0E27-12D2-9CE6-0D4A3949625D,Gregory,Alvarez,Gregory.Alvarez@gmail.com,A,M,A
A9304BBC-4DA7-3305-1C14-5F2A79B0C7D7,Damon,Howell,Damon.Howell@gmail.com,B,M,D
E9CA99C8-8A66-0478-B621-5E5D368F8AB7,Phillip,Sheppard,Phillip.Sheppard@gmail.com,C,M,B
A80812EE-CA11-5837-1343-34D5AEC90538,Dorian,Carney,Dorian.Carney@gmail.com,A,M,D
D3A111F2-4FB3-7F5D-9C4D-6D9C1501A26B,Slade,Browning,Slade.Browning@gmail.com,B,M,A
0135187B-DD08-1926-F2BD-C83241777C41,Otto,Martin,Otto.Martin@gmail.com,C,M,A
C2C1895A-8309-ADFD-3500-1BB389BC8C10,Ulric,Burch,Ulric.Burch@gmail.com,A,M,C
FF9A7961-319B-EA2D-AAAD-09E2ABC9068C,Xanthus,Osborne,Xanthus.Osborne@gmail.com,B,M,D
BD7F4109-31E2-5EAA-78A6-AA27346F615A,Tobias,Mcintyre,Tobias.Mcintyre@gmail.com,C,M,A
1CF873CB-61A0-8BE4-BFEE-BE17DBFBBA30,Barclay,Wilder,Barclay.Wilder@gmail.com,A,M,C
4F5C6E5A-936A-45DA-B3C2-A7BEE4949C6A,Matthew,Estes,Matthew.Estes@gmail.com,B,M,C
DB8D837D-59F7-787C-07A1-A418C6342C6A,Garrett,Camacho,Garrett.Camacho@gmail.com,C,M,D
8A7100BB-B478-C3B6-ADB9-FD1313B8092B,Hector,Glass,Hector.Glass@gmail.com,A,M,C
2E3D3B75-7961-FD3A-C425-71C5107BB431,Tarik,Hines,Tarik.Hines@gmail.com,B,M,C
B3B26D54-E2A3-3BEB-B363-39629A84C4D7,Kyle,Buck,Kyle.Buck@gmail.com,C,M,A
114CAA78-C6E3-31E4-EB81-E990D4A3B3C2,Fuller,Nicholson,Fuller.Nicholson@gmail.com,A,M,B
0AF5F4B6-7189-202F-19B7-47367548B190,Reuben,Hoover,Reuben.Hoover@gmail.com,B,M,D
F1C88A28-D97A-FE89-AFAD-9DEF306B7B06,Noble,Greer,Noble.Greer@gmail.com,C,M,C
84EC3F75-8AE7-EEBA-96B1-F0081A866D2B,Jesse,Gomez,Jesse.Gomez@gmail.com,A,M,C
0A024BE2-8819-735C-0398-9F2730C1D377,Slade,Maddox,Slade.Maddox@gmail.com,B,M,B
30C587F9-5D50-A39D-335C-CDB3DB857156,Vance,Lester,Vance.Lester@gmail.com,C,M,A
FA750712-9122-0B3B-7891-5293724FBA7E,Perry,Torres,Perry.Torres@gmail.com,A,M,B
88570A35-5038-1394-6760-792316983E1A,Aidan,Snider,Aidan.Snider@gmail.com,B,M,C
5B34FAA0-31FB-CE80-FCD0-3CCA041829B3,Devin,Wiley,Devin.Wiley@gmail.com,C,M,C
12DF5720-EE90-46C7-BC6D-9626F88621A1,Lars,Ramsey,Lars.Ramsey@gmail.com,A,M,D
5EE1883F-F12F-5730-C8A7-0F498BEC51CB,Louis,Medina,Louis.Medina@gmail.com,B,M,A
14FE1637-4EF1-8A4D-639D-03942DF3DD0D,Jin,Downs,Jin.Downs@gmail.com,C,M,B
DE78FCDF-444E-0834-A857-BF131991175E,Lamar,Drake,Lamar.Drake@gmail.com,A,M,C
FF716786-C538-E211-2F26-0E84CB656682,Lionel,Moran,Lionel.Moran@gmail.com,B,M,D
C8C6B4B1-BB92-0FDE-7A56-D101FC9CA351,Armando,Barron,Armando.Barron@gmail.com,C,M,D
56D9E0CB-C8A5-E0D3-07E9-3508BD131F2C,Beau,Pope,Beau.Pope@gmail.com,A,M,C
12193C4E-014A-ECAD-F9E5-DEA74E21B5D7,Travis,Spencer,Travis.Spencer@gmail.com,B,M,B
A37FAA71-D0A8-2944-D53D-9E50B0BAA5F9,Marsden,Watts,Marsden.Watts@gmail.com,C,M,D
88AB0A9E-2FAC-041F-2118-F5DA44F394CA,John,Dorsey,John.Dorsey@gmail.com,A,M,D
B59865AB-BA38-B122-D162-8114B199CC0F,Jelani,Oneil,Jelani.Oneil@gmail.com,B,M,B
E8EAB768-14D0-4993-6C64-1B06F513694B,Cade,Cameron,Cade.Cameron@gmail.com,C,M,B
95AD61CA-0862-09CB-498E-58EC846C912E,Warren,Atkins,Warren.Atkins@gmail.com,A,M,A
2488A991-1447-1B17-5535-6BE06CA00D98,Slade,Barlow,Slade.Barlow@gmail.com,B,M,B
E8DF72B4-7C55-3396-FFB6-C5F367CD9525,Zephania,Carpenter,Zephania.Carpenter@gmail.com,C,M,D
52E14F8E-5A22-95BB-DDE3-7C08EADCB97D,Octavius,Gill,Octavius.Gill@gmail.com,A,M,A
AC8C47F9-C8C2-1870-022A-AD5B90B1D12B,Alexander,Goff,Alexander.Goff@gmail.com,B,M,C
C40B8EFE-B560-9E00-4883-3C53E73B4235,Jordan,Oneil,Jordan.Oneil@gmail.com,C,M,B
A46A440D-F5F1-1D0C-679F-DEA9EB388962,Aaron,Warren,Aaron.Warren@gmail.com,A,M,C
2BCEF06F-5953-F4E1-5881-14ACA6317E3B,Solomon,Nguyen,Solomon.Nguyen@gmail.com,B,M,A
CC698BD3-FD29-A69C-C30F-D6907FF1F471,Gavin,Durham,Gavin.Durham@gmail.com,C,M,A
E8C08556-80E2-D013-FA22-E84D47D11A12,Ray,Barnett,Ray.Barnett@gmail.com,A,M,D
EE9DD450-B503-8568-FFFD-A22C0AF16929,Malcolm,Knox,Malcolm.Knox@gmail.com,B,M,D
9D1F9624-82B9-A640-A56A-BF5DE8E5BAA8,Kermit,Crosby,Kermit.Crosby@gmail.com,C,M,A
AB3F135E-8E13-C72B-8601-021435622D98,Herman,Christensen,Herman.Christensen@gmail.com,A,M,C
F500D4CA-1A75-5E48-3191-55555282624E,Dieter,Cash,Dieter.Cash@gmail.com,B,M,A
08DA44AE-B0FE-0743-A719-C9FCD65170B4,Aidan,Owen,Aidan.Owen@gmail.com,C,M,D
7A1BC263-B3B7-00BA-ED53-FBA14C69BD0F,Paul,Silva,Paul.Silva@gmail.com,A,M,B
F965AF12-BB05-5C5A-8781-76A493B61577,Joseph,Pittman,Joseph.Pittman@gmail.com,B,M,A
3CE0AA71-DA79-A7F1-C142-8D8A91876660,Hayes,Clarke,Hayes.Clarke@gmail.com,C,M,D
FD5886E9-8342-F55A-844B-6FD9E922EA58,Micah,Caldwell,Micah.Caldwell@gmail.com,A,M,A
5266A00F-5A14-6002-E331-D64A51BF474A,Jin,Obrien,Jin.Obrien@gmail.com,B,M,D
756A029D-0B2B-1DB0-B9BF-05D0CE737434,Donovan,Salinas,Donovan.Salinas@gmail.com,C,M,D
AA4B8438-1DEA-0445-DADE-BE528F0A8A2D,Drake,Rhodes,Drake.Rhodes@gmail.com,A,M,B
45D80E8E-0A32-DB6F-F701-B9F4955D7D35,Jerome,Leonard,Jerome.Leonard@gmail.com,B,M,D
9B79598B-D072-42E7-09BE-7F20D334FD87,Lev,Robles,Lev.Robles@gmail.com,C,M,D
244DBCA0-B45E-E620-4960-12A4A37D9982,Brett,Dillon,Brett.Dillon@gmail.com,A,M,B
A728E321-580F-3929-B209-D472D76DDF3F,Lev,Gonzalez,Lev.Gonzalez@gmail.com,B,M,A
6DD34FEB-46F4-C5CC-5272-BFED20664A9F,Arsenio,Acosta,Arsenio.Acosta@gmail.com,C,M,D
504A0CCE-7798-33F7-B029-0D5E876D7EDF,Aquila,Meadows,Aquila.Meadows@gmail.com,A,M,C
D1CEA247-1C96-0887-4D83-0826B375B228,Graham,Fernandez,Graham.Fernandez@gmail.com,B,M,B
401CC909-1FEE-9392-04B8-E23B2E20DEBB,Zeph,Smith,Zeph.Smith@gmail.com,C,M,C
0ECA3CBD-D5C5-78D5-0E45-3762F9308BB4,Aidan,Walsh,Aidan.Walsh@gmail.com,A,M,A
469EA017-1036-F52D-F7A2-EAE643D76E46,Rooney,Harvey,Rooney.Harvey@gmail.com,B,M,A
EA26414F-8523-D505-A0E1-E8E910C5862D,Harding,Pace,Harding.Pace@gmail.com,C,M,A
D05C8EE3-BD88-0E0C-15F3-7CA3300EB684,Jeremy,Riddle,Jeremy.Riddle@gmail.com,A,M,A
4E6362DA-36B1-0B91-C23B-82DB317838F3,Barrett,Vasquez,Barrett.Vasquez@gmail.com,B,M,A
545BC06C-6B69-F10E-DB26-C8B8F29FBFB4,Sylvester,Pate,Sylvester.Pate@gmail.com,C,M,A
6FB6082E-4F81-ED0A-977F-EDE1FD45D65B,Garth,Huber,Garth.Huber@gmail.com,A,M,D
2CC69B8C-61B5-5AE1-B86D-F2241C47DE72,Channing,Delaney,Channing.Delaney@gmail.com,B,M,A
19EE2EF4-B782-41F2-2A9C-DB88AF635187,Anthony,George,Anthony.George@gmail.com,C,M,D
381B3419-C8A1-D04C-1799-5B2214BA33C0,Jonah,Joseph,Jonah.Joseph@gmail.com,A,M,B
A80AADEF-2570-9E00-791F-80D226058380,Vaughan,Mccoy,Vaughan.Mccoy@gmail.com,B,M,C
664587DE-6DDE-AAA1-8971-AE317B2C9416,Cairo,Harmon,Cairo.Harmon@gmail.com,C,M,A
AAD34287-C42D-83B9-DD43-A930DA463038,Raja,Hernandez,Raja.Hernandez@gmail.com,A,M,B
43A4178D-11E2-851F-D76F-CC261EE0E293,Byron,King,Byron.King@gmail.com,B,M,C
5DAC942A-6165-F63E-7945-10F5B6AA22C2,Tate,Schroeder,Tate.Schroeder@gmail.com,C,M,D
37866C13-C615-6C70-2C80-D3499AF12B09,Herman,Higgins,Herman.Higgins@gmail.com,A,M,A
26AAC2D7-5BB1-4DCB-C3FE-0CDAFBE21BEB,Lionel,Potter,Lionel.Potter@gmail.com,B,M,C
03438F9E-AAC8-DD13-DE48-BCE50802CDB0,Edan,Jordan,Edan.Jordan@gmail.com,C,M,B
9D0F3ADC-D66B-1251-C06E-9DC14BB031AF,Judah,Fuller,Judah.Fuller@gmail.com,A,M,B
3222BB36-5C41-63B7-215C-BC41FBE04B3C,Ulysses,Sullivan,Ulysses.Sullivan@gmail.com,B,M,B
4D0BBE96-DD10-922F-528A-0A4FB27C1B04,Elton,Schwartz,Elton.Schwartz@gmail.com,C,M,C
BD72DB6F-9D57-0F05-893A-4C763E66FBBD,Rigel,Salazar,Rigel.Salazar@gmail.com,A,M,D
EA1640E2-96A8-BF72-CFBF-4A2B1F457C23,Nicholas,Pennington,Nicholas.Pennington@gmail.com,B,M,A
40A8D003-38AE-C036-92A8-B83C7EF25F74,Hedley,Griffith,Hedley.Griffith@gmail.com,C,M,D
6ABFE2CA-E111-E3DD-3EC6-5495F0E3C8E6,Laith,Santos,Laith.Santos@gmail.com,A,M,B
6A6A0BC1-9AB2-C9F3-6AD4-5D22AC2802B5,Flynn,Wells,Flynn.Wells@gmail.com,B,M,B
480D6515-30BF-A1B3-3A21-567B8F39FCAF,Gary,Mills,Gary.Mills@gmail.com,C,M,B
64B19570-B28B-EC0F-AA16-6FDEA0AA74D8,Rooney,Mcconnell,Rooney.Mcconnell@gmail.com,A,M,A
B0403D6F-DA39-F1E6-B039-B1A3E2814418,Hop,Mitchell,Hop.Mitchell@gmail.com,B,M,A
379B8689-0996-8BCF-1C4B-C1A7871BC36C,Mannix,Quinn,Mannix.Quinn@gmail.com,C,M,B
4E7E2C36-0D97-3D71-692F-56958B9C36E0,Caleb,Bass,Caleb.Bass@gmail.com,A,M,C
83BB8B9A-CA68-FF1A-41E1-95A53B4ABF1D,Nolan,Howard,Nolan.Howard@gmail.com,B,M,D
E91683BD-01E2-AD98-88BF-05BBEBCFBDFB,Merritt,Rogers,Merritt.Rogers@gmail.com,C,M,B
E1A96235-95A2-8F8A-AD32-2DC7351DA14E,Brendan,Snider,Brendan.Snider@gmail.com,A,M,D
04CF3B6B-5BF9-A7F8-CA84-FEDC8BA43B11,Addison,Phillips,Addison.Phillips@gmail.com,B,M,C
093C36F2-BB4B-DC08-DB11-0EBE6A482BEE,Bert,Baxter,Bert.Baxter@gmail.com,C,M,D
9E33BC38-8438-355A-0410-1AEBCC59386B,Ignatius,Howell,Ignatius.Howell@gmail.com,A,M,C
1FAFBD5A-983B-281A-98D4-22E747EE9A5F,Amal,Adkins,Amal.Adkins@gmail.com,B,M,A
7222E6CC-A6A9-CBAD-6B63-24C3AC3229BE,Francis,Raymond,Francis.Raymond@gmail.com,C,M,B
3BBE7B2B-5C92-7980-EC00-B2E9AA17D889,Gavin,Drake,Gavin.Drake@gmail.com,A,M,A
F245939A-A9A6-A5C7-7C59-83211DFC98BB,Rudyard,Nicholson,Rudyard.Nicholson@gmail.com,B,M,A
38CC2B8B-D87A-85C4-C51D-68A8753D29DF,Lane,Burgess,Lane.Burgess@gmail.com,C,M,C
FA4CEB4B-E6F2-9E18-CC93-EFFFB5076DA8,Gareth,Shields,Gareth.Shields@gmail.com,A,M,A
9EB7CC42-4EA8-A913-1829-699F2DB5B8C0,Quinn,Townsend,Quinn.Townsend@gmail.com,B,M,B
76FB4C8B-DA00-F55A-14D9-726278091AD3,Abdul,Cortez,Abdul.Cortez@gmail.com,C,M,A
63D1F2C0-7695-E48F-DF55-7D792F6418B1,August,Snow,August.Snow@gmail.com,A,M,A
2CC42103-A6C6-7E90-F2C2-D27A0666D360,Logan,Clayton,Logan.Clayton@gmail.com,B,M,D
A7C58718-751D-B88A-3C2B-232C3B4ECA97,Simon,Snow,Simon.Snow@gmail.com,C,M,D
A175C19D-C51C-FC82-5DFC-CE36232DDA29,Beck,Wagner,Beck.Wagner@gmail.com,A,M,A
FA95790A-641B-EF07-4CCA-C26D91276C2E,Gannon,Burnett,Gannon.Burnett@gmail.com,B,M,D
18B85B15-413A-502A-5F2E-FC44B6AB2DDD,Isaiah,Vasquez,Isaiah.Vasquez@gmail.com,C,M,D
94B0365A-0119-A5E4-E4C7-E4BC02C999E7,Zane,Nunez,Zane.Nunez@gmail.com,A,M,B
A9C96914-69C4-5664-5E79-DA6F196592E3,Wyatt,Padilla,Wyatt.Padilla@gmail.com,B,M,D
8F6B2E93-E10F-2767-FBAF-92C58AFDF543,Baxter,Kaufman,Baxter.Kaufman@gmail.com,C,M,B
5C9912F4-9F9F-AE4F-98C8-6B22F915930C,Noble,Terry,Noble.Terry@gmail.com,A,M,A
D1B309FF-915D-C78F-EC70-A292B590CB27,Colton,Torres,Colton.Torres@gmail.com,B,M,D
B70CDC6D-9025-F8A7-F042-BA8DB8A225F5,Ulysses,Cook,Ulysses.Cook@gmail.com,C,M,B
978C153C-F499-CDA9-8A60-99273E797535,Jarrod,Richmond,Jarrod.Richmond@gmail.com,A,M,A
DB2F6BCD-5C54-8687-ACD9-B97DE57E3037,Len,Molina,Len.Molina@gmail.com,B,M,A
1490BF87-46A3-BA73-D8DF-10FE93C9493D,Yoshio,Gonzalez,Yoshio.Gonzalez@gmail.com,C,M,C
C04B0168-2722-B557-E4C3-823E05FF0FF8,Odysseus,Hayes,Odysseus.Hayes@gmail.com,A,M,A
E0D67A97-5A3B-9F4E-0B7B-F6D07A280C71,Patrick,Trujillo,Patrick.Trujillo@gmail.com,B,M,D
E1945881-B706-F105-362A-898BEB2553B6,Eric,Barrett,Eric.Barrett@gmail.com,C,M,A
189909F1-8836-BE76-8992-B589FCD09C7B,Clarke,Stone,Clarke.Stone@gmail.com,A,M,A
DC8435FB-9CB3-0212-688B-E80803AD37DD,Lester,Coleman,Lester.Coleman@gmail.com,B,M,A
B98D483B-A438-C84F-FD4C-3B8598DEEADB,Hayden,Mendez,Hayden.Mendez@gmail.com,C,M,A
D3E1EAEB-CE7F-FC72-1238-572B657E2FC3,Burton,Gray,Burton.Gray@gmail.com,A,M,A
DAE00930-9F8F-C5BC-2128-293B9B5888C3,Damon,Guerra,Damon.Guerra@gmail.com,B,M,B
FEB3AA54-4C16-5768-CAD1-113699BEE5DA,Emery,Pratt,Emery.Pratt@gmail.com,C,M,C
6CDE9357-A3B1-1AA1-FB8C-076166C926EE,Hamish,Wilkerson,Hamish.Wilkerson@gmail.com,A,M,C
B10BA085-47C3-C4A5-49F2-396C57CC01A7,Brenden,Suarez,Brenden.Suarez@gmail.com,B,M,C
96A7EFF7-7181-5601-87FE-6A8EFDFE1560,Neil,Slater,Neil.Slater@gmail.com,C,M,D
8F9A4C63-8F5E-081A-CB14-9880FDAD02B6,Rogan,Nichols,Rogan.Nichols@gmail.com,A,M,D
3B80F5C1-0902-9AEF-ACD7-7D90D5924788,Kenneth,Hudson,Kenneth.Hudson@gmail.com,B,M,A
9FD0C7F4-B486-F2D7-7A2D-9FF91DAB47D6,Ignatius,Robbins,Ignatius.Robbins@gmail.com,C,M,A
9BACF99C-CE8F-5132-E52A-CDB10F9279C2,Clayton,Cross,Clayton.Cross@gmail.com,A,M,B
1EBC95BD-CBC7-D0BE-D067-87F8EC9CBF50,Jamal,Bolton,Jamal.Bolton@gmail.com,B,M,C
2CC239BA-79A1-B10C-BBD1-DD9CA7AB1828,Robert,Hale,Robert.Hale@gmail.com,C,M,D
0B1F85BA-A36B-5F98-D307-6ABCBFCBB48D,Clarke,Compton,Clarke.Compton@gmail.com,A,M,B
1CED6B78-0830-032F-905F-44748A712217,Thaddeus,Noel,Thaddeus.Noel@gmail.com,B,M,C
51CC0799-009B-1900-DE03-B1390431EFFD,Rooney,Stevenson,Rooney.Stevenson@gmail.com,C,M,B
BF2EE02F-848A-E0AE-A535-1DC85132D501,Macaulay,Ware,Macaulay.Ware@gmail.com,A,M,C
85EFBF84-C750-BD07-D7B5-95CF45BC0DBD,Kevin,Hall,Kevin.Hall@gmail.com,B,M,B
BAC39827-C18F-1CA7-5152-19C1ACDC42C0,Calvin,Fitzpatrick,Calvin.Fitzpatrick@gmail.com,C,M,A
783C3C23-0962-7965-D62E-C8F471DDB68E,Quamar,Rollins,Quamar.Rollins@gmail.com,A,M,C
5E5076A3-1CD8-70F5-B469-A31C9B62CA40,Jordan,Dennis,Jordan.Dennis@gmail.com,B,M,C
679233E0-C5E4-77FD-9051-F78D75D14CB1,Carter,Stout,Carter.Stout@gmail.com,C,M,B
0BC7F178-8FC1-C4B7-64B3-5CF3A22E9B5D,Eagan,Spears,Eagan.Spears@gmail.com,A,M,D
2822A1D9-1D58-8CC8-473A-556FE920733D,Cameron,Maxwell,Cameron.Maxwell@gmail.com,B,M,A
ADFC2A37-82C7-9EE1-CDD7-5FDF4429D01B,Ciaran,Rocha,Ciaran.Rocha@gmail.com,C,M,C
59DE22EF-B14C-BDCF-4D3E-6F94DA2F60AE,Garth,Barrera,Garth.Barrera@gmail.com,A,M,B
6BDBFEBD-CAC4-0CD4-BEC8-E4A9E9B9DC18,Bruce,Ingram,Bruce.Ingram@gmail.com,B,M,D
873EE48E-2B85-B626-A953-2A79B8C24A48,Hilel,Farrell,Hilel.Farrell@gmail.com,C,M,C
32A6E2F5-F1E2-F0AF-2A3A-DD8335A6BDDC,Graiden,Phillips,Graiden.Phillips@gmail.com,A,M,D
1F374507-3E3F-1B7F-1AA7-55E1A3A02318,Kennan,Allison,Kennan.Allison@gmail.com,B,M,D
15957E25-8DCA-5726-F03B-3B6428CC6059,Forrest,Santana,Forrest.Santana@gmail.com,C,M,C
6C0AA81C-AB71-F00F-EFE8-5C45C835E79A,Hall,Gray,Hall.Gray@gmail.com,A,M,D
0BC59FD6-11FF-648A-0B66-682CE1AC9FE4,Carson,Stevenson,Carson.Stevenson@gmail.com,B,M,D
AA78E32A-F9E6-B7F8-B80F-FC7F8F73A075,Carl,Ferrell,Carl.Ferrell@gmail.com,C,M,B
22024C7E-9972-D57C-72FA-26CB8C77C875,Rafael,Rodriguez,Rafael.Rodriguez@gmail.com,A,M,C
8918D921-5BFD-69BC-C2F9-B8941DE14BA5,Quinn,Quinn,Quinn.Quinn@gmail.com,B,M,C
FD5C8E5D-30FF-A7C7-8D5E-4BEB8346D787,Flynn,Porter,Flynn.Porter@gmail.com,C,M,A
EE58E374-B159-E625-EC2D-57A0597FFC54,Eagan,Kinney,Eagan.Kinney@gmail.com,A,M,D
3BF36AB1-0888-52C5-9E6B-FF626ABE7F25,Barclay,Horton,Barclay.Horton@gmail.com,B,M,A
7A5476B5-BA8A-AF84-47DD-0F20C90DA648,Noble,Whitfield,Noble.Whitfield@gmail.com,C,M,A
19135BED-17AD-A9D1-6ED0-CC5BC3EB0F04,Kasper,Silva,Kasper.Silva@gmail.com,A,M,C
30C7732A-C32C-2084-B344-9BBA5B4F219A,Barrett,Horton,Barrett.Horton@gmail.com,B,M,C
283F366A-C028-4D52-94DF-55A8F105FE76,Grant,Moses,Grant.Moses@gmail.com,C,M,D
B5640B62-9610-9C0F-8E19-0D2181511992,Benjamin,Shepard,Benjamin.Shepard@gmail.com,A,M,A
3ED9535D-C86E-6EC3-19A8-DF703266CE7C,Gage,Macias,Gage.Macias@gmail.com,B,M,A
BBEBD267-505C-7F47-7E80-368356829E4E,Owen,Prince,Owen.Prince@gmail.com,C,M,C
2DBEFF4E-9AB0-8451-8174-A0B23EF40D3D,Jesse,Francis,Jesse.Francis@gmail.com,A,M,C
862EBAE5-4220-0511-0E74-E5627D581C83,Hakeem,Ward,Hakeem.Ward@gmail.com,B,M,B
8E2C1DD2-D236-3C97-E9D0-61FEC23A1BF3,Noble,Conway,Noble.Conway@gmail.com,C,M,A
28F8759B-A62E-FA4D-472E-CB35B1C03D9E,Elton,Baldwin,Elton.Baldwin@gmail.com,A,M,B
F39E1E55-3F7B-3B16-6FD4-3111F4C130CE,Dean,Parrish,Dean.Parrish@gmail.com,B,M,A
3835F2D6-BF08-A762-BEE6-5C0F0714211C,Jonas,Riley,Jonas.Riley@gmail.com,C,M,A
551D4BE3-2E60-E12D-C9DB-760CC7D91617,Abdul,Williamson,Abdul.Williamson@gmail.com,A,M,A
116AB183-1F4D-636D-C311-9E22CAF77DCD,Kareem,Whitaker,Kareem.Whitaker@gmail.com,B,M,C
01FC89C7-E842-A866-2C29-68A8E7A941D5,Hilel,Olsen,Hilel.Olsen@gmail.com,C,M,A
0A686667-3398-F608-E3F7-DDF36628A018,Marvin,Dunn,Marvin.Dunn@gmail.com,A,M,D
B8092488-580A-0758-8DCA-4F9602B8F907,Leonard,Graham,Leonard.Graham@gmail.com,B,M,B
8D2F5E9C-20E3-A512-B42B-5511DADF5D9E,Rahim,Morris,Rahim.Morris@gmail.com,C,M,D
4EFA0800-05E0-9759-47D6-F91DC018A6E3,Lucas,Lynn,Lucas.Lynn@gmail.com,A,M,A
0DCC2A35-28DD-C9DC-FCF2-5465013F0E4F,Abdul,Yang,Abdul.Yang@gmail.com,B,M,A
D823D633-847E-31B4-4957-2DC3650A86A7,Guy,Foster,Guy.Foster@gmail.com,C,M,C
996C50C2-37B8-E4BB-D286-010C28D7A645,Knox,Gould,Knox.Gould@gmail.com,A,M,A
4CBB0731-C47A-BA41-BC79-646D95FF5951,Trevor,Dyer,Trevor.Dyer@gmail.com,B,M,B
09CF7D76-55E8-7ACE-CF30-94FA897F7090,Raymond,Knapp,Raymond.Knapp@gmail.com,C,M,C
98D67943-7C4A-45BD-6681-F615A88A92A6,Jermaine,Powell,Jermaine.Powell@gmail.com,A,M,B
D17C73D1-9CC4-48C7-562A-9383E3B1BCED,Nigel,Pruitt,Nigel.Pruitt@gmail.com,B,M,C
584A0EA6-D1B6-6475-87A2-E78D8A5E4A98,Lewis,Frazier,Lewis.Frazier@gmail.com,C,M,D
6D3662A8-139D-A90C-3027-FDEE8C55A26C,Kevin,Bartlett,Kevin.Bartlett@gmail.com,A,M,C
135654EF-7607-9BA7-228C-20A1D3262370,Samson,Peck,Samson.Peck@gmail.com,B,M,A
F45FBD35-7CA2-5846-6F51-5BD8C65974E0,Emerson,Galloway,Emerson.Galloway@gmail.com,C,M,C
F04C0B73-0711-4F0C-126B-299834BC62D1,Kaseem,Brennan,Kaseem.Brennan@gmail.com,A,M,D
52B50925-F08C-339A-53E1-D9EC6A30F563,Dustin,Flynn,Dustin.Flynn@gmail.com,B,M,D
B6EC305D-E759-AB13-8CE8-613C4352049F,Colorado,Murphy,Colorado.Murphy@gmail.com,C,M,C
C38AFFE9-587C-CA1F-B5A9-36F408CFF64E,Owen,Cameron,Owen.Cameron@gmail.com,A,M,C
78FA29DA-6EF5-73F8-2A67-D9FA202F14B6,Graiden,Blanchard,Graiden.Blanchard@gmail.com,B,M,C
1F93DDE5-5CD7-E62C-7D53-8811EED09282,Nero,Dyer,Nero.Dyer@gmail.com,C,M,B
BD96D689-E762-F49A-19E5-DD02D9330BF1,Duncan,Dudley,Duncan.Dudley@gmail.com,A,M,C
200D0948-292E-EB6C-6DF7-F84B61A50479,Gareth,Bright,Gareth.Bright@gmail.com,B,M,B
6ACB7279-F612-4A86-4AAC-C77238E73A85,Lucian,Hatfield,Lucian.Hatfield@gmail.com,C,M,C
ADAEA179-0D4D-478E-847D-59350C428F4E,Kibo,Stevenson,Kibo.Stevenson@gmail.com,A,M,D
5E1ED9B9-D274-99F4-285F-487A8DD4639E,Malachi,Houston,Malachi.Houston@gmail.com,B,M,B
83F48CB3-13E2-27F5-B056-6FD68BC8F6D5,Kevin,Mckay,Kevin.Mckay@gmail.com,C,M,D
EB3BE915-B630-14B0-733B-6B1119F5F29D,Curran,Mckenzie,Curran.Mckenzie@gmail.com,A,M,A
DBE0948A-1077-67B1-92BC-66D887F04A86,Malcolm,Graham,Malcolm.Graham@gmail.com,B,M,D
666BE5E1-51A3-0404-6829-162ED89CBE37,James,Fisher,James.Fisher@gmail.com,C,M,A
2229BD4C-FA48-E667-2EFC-9A21EC613954,Colton,Baxter,Colton.Baxter@gmail.com,A,M,B
6011999C-B476-26FA-0E85-463F5490A5CE,Upton,Callahan,Upton.Callahan@gmail.com,B,M,B
DE9551CC-5D75-8C98-BB05-6ED64B18C336,Lars,Lamb,Lars.Lamb@gmail.com,C,M,A
5A8B184C-125B-DFBF-E9BB-2A28F53D777D,Finn,Douglas,Finn.Douglas@gmail.com,A,M,A
58EDCA78-5F3F-A2F2-88A4-F76E9912ACA4,Wyatt,Buckley,Wyatt.Buckley@gmail.com,B,M,C
4D02C183-84A1-2C1D-C320-471AA3BB17AD,Odysseus,Rose,Odysseus.Rose@gmail.com,C,M,A
C70122AC-E265-6F02-67B5-F383AD3C202A,Malcolm,Barr,Malcolm.Barr@gmail.com,A,M,D
8D91DA11-64EA-E0CD-104A-33CA597C8E83,Boris,Osborne,Boris.Osborne@gmail.com,B,M,D
F53BD01F-52CE-AB7D-ECCA-155272F693BF,Jackson,Craig,Jackson.Craig@gmail.com,C,M,C
5BF91685-2E59-1322-6813-2907EF5A3535,Leo,Kline,Leo.Kline@gmail.com,A,M,C
4C065EFC-7E98-3F34-99B7-5B6D63584C95,Kennan,Paul,Kennan.Paul@gmail.com,B,M,C
E3B5A568-4E32-C881-7DDE-BF0F99AA583A,Flynn,Marsh,Flynn.Marsh@gmail.com,C,M,B
57901D4C-1EA7-7B44-FEF9-7CFF691B1987,Walker,Fuller,Walker.Fuller@gmail.com,A,M,C
C5F76684-FFB6-B2E4-0122-020921C8A493,Keith,Galloway,Keith.Galloway@gmail.com,B,M,A
4D261FCB-F8DD-906E-FE9A-62BD13068D63,Patrick,Calhoun,Patrick.Calhoun@gmail.com,C,M,A
5F74D210-0858-3167-311A-2122816954A6,Hilel,Stuart,Hilel.Stuart@gmail.com,A,M,B
5EE93016-0619-6CDC-B2AC-EE212165A97D,Alan,Banks,Alan.Banks@gmail.com,B,M,B
CFD64EF6-F7C5-F026-9756-C319FBB72954,Kennan,Buckner,Kennan.Buckner@gmail.com,C,M,B
C4728424-29C9-2AAB-6C13-4E7CAEEEBE76,Nolan,Church,Nolan.Church@gmail.com,A,M,B
A1C4398B-21CA-780C-FAF9-9713558C9BCD,Lewis,Head,Lewis.Head@gmail.com,B,M,D
41424961-36BA-F7D9-3182-1042506C8294,Cooper,Boyd,Cooper.Boyd@gmail.com,C,M,D
5C9A4557-DA19-C476-800D-E7E1837B7F74,Marvin,Slater,Marvin.Slater@gmail.com,A,M,A
6C7A0B34-E434-6B4C-7FA5-4B803E0E06D9,Harlan,Martin,Harlan.Martin@gmail.com,B,M,B
0F84A8CC-D3F6-3A6E-A8B0-6D68054E9785,Keaton,Brady,Keaton.Brady@gmail.com,C,M,B
897DE03E-CF2E-C87B-A68E-4A5B6F4D86F8,August,Fields,August.Fields@gmail.com,A,M,B
F901E19E-B389-0113-1330-CD931672D230,Dorian,Spence,Dorian.Spence@gmail.com,B,M,C
2BBCE920-8701-1C1F-10EA-FF8B1528FFBF,Lance,Nicholson,Lance.Nicholson@gmail.com,C,M,D
E26ADEDF-48E4-396B-4D4B-0AD5DC914E33,Norman,Jordan,Norman.Jordan@gmail.com,A,M,B
CF8E8F20-A050-52B2-E566-059255EA68E9,Anthony,Robinson,Anthony.Robinson@gmail.com,B,M,B
6CE51713-CBA1-9BD1-DD3F-20CD33527E68,Arthur,Cortez,Arthur.Cortez@gmail.com,C,M,D
676DD2D8-18BA-410F-FC4E-67B18B1EBB8A,Colorado,Sosa,Colorado.Sosa@gmail.com,A,M,C
CAA4183D-56A2-986D-E3E6-7C576FA15F80,Brenden,Hull,Brenden.Hull@gmail.com,B,M,D
33682158-EAFD-90C9-10AD-22D3BE98E0F7,Price,Fernandez,Price.Fernandez@gmail.com,C,M,D
595C0DE8-9972-9D1B-4657-0D8524FCCCCA,Harper,Patel,Harper.Patel@gmail.com,A,M,C
F9384994-C35E-8D5A-D2E4-957AADA31841,Kasimir,Mcgowan,Kasimir.Mcgowan@gmail.com,B,M,C
72A1F5D2-2B94-F95D-5A9D-6B4662B20763,Alexander,Johns,Alexander.Johns@gmail.com,C,M,D
3581DE05-EF60-FF5D-8B37-07D9051E46A0,Omar,Holloway,Omar.Holloway@gmail.com,A,M,B
E29D7DB5-ED8E-B155-3231-1130FCB837DC,Bradley,Mcclain,Bradley.Mcclain@gmail.com,B,M,D
7A96E407-1352-790E-D5EF-A083FC6EF627,Eric,Montoya,Eric.Montoya@gmail.com,C,M,D
391FC05A-6D19-03CF-A066-331A9D801498,Tanner,Russell,Tanner.Russell@gmail.com,A,M,D
4C917A54-0389-2A28-EDC3-4DD8C68C2E31,Boris,Shaw,Boris.Shaw@gmail.com,B,M,D
32D67FE7-F77F-974C-DDE2-6BD85ED6341C,Scott,Gaines,Scott.Gaines@gmail.com,C,M,A
F0C0EDC2-551C-C0CC-60C9-66053AC9527B,William,Stark,William.Stark@gmail.com,A,M,A
EE2108FA-A26D-1565-E8BD-0ADFD7F84581,Otto,Hayes,Otto.Hayes@gmail.com,B,M,C
94D6820E-178E-252F-1A29-38A044BC1627,Callum,Lancaster,Callum.Lancaster@gmail.com,C,M,B
CAD0108C-24CA-7135-2CAE-933721E4EEDC,Zachary,Woods,Zachary.Woods@gmail.com,A,M,D
DDACDA73-F045-8D85-AF2C-C8E1E2BCB7B6,Colton,Bauer,Colton.Bauer@gmail.com,B,M,A
15BF6C00-5865-7C16-222E-954988DC4EC6,Brandon,Bullock,Brandon.Bullock@gmail.com,C,M,B
20FAF7FB-1159-B1A8-AABB-9E26F42F25CB,Tiger,Morrow,Tiger.Morrow@gmail.com,A,M,A
A025834B-36DC-113F-14D0-73E63EAAF776,Jack,Garcia,Jack.Garcia@gmail.com,B,M,D
EF5218D2-6B0C-A8B8-43F4-56A84D33BFAE,Isaac,Dominguez,Isaac.Dominguez@gmail.com,C,M,C
80DCB6AD-811C-4165-6705-DE6BBB268C99,Bruce,Franco,Bruce.Franco@gmail.com,A,M,D
09F555B4-7D2E-C0A8-2ACA-BE7ED7B78F42,Orlando,Reese,Orlando.Reese@gmail.com,B,M,A
E58E2957-297D-30D3-24B6-783AA2F0DCFB,Lionel,Estrada,Lionel.Estrada@gmail.com,C,M,C
9527BE22-9E65-AA07-627E-259F7E150653,Howard,Frye,Howard.Frye@gmail.com,A,M,B
23E51D72-1728-3186-B2EE-80876BA5A748,Noble,Miller,Noble.Miller@gmail.com,B,M,B
F7831A88-D890-378B-89BB-261AEFBCD31B,Ronan,Church,Ronan.Church@gmail.com,C,M,A
6E304C30-20B7-3969-0E6F-0616096516F1,Jack,Velazquez,Jack.Velazquez@gmail.com,A,M,A
EAF12665-1C1E-D498-5604-95573105E415,Neville,Adkins,Neville.Adkins@gmail.com,B,M,B
851D909E-9258-6E60-70B2-97D017980A30,Cyrus,Irwin,Cyrus.Irwin@gmail.com,C,M,D
A640180E-57AC-F3BF-4940-FFA587053DC8,Marshall,Lawson,Marshall.Lawson@gmail.com,A,M,B
121025A9-46C9-BF6C-78CF-6FD30A0C0306,Garth,Mckee,Garth.Mckee@gmail.com,B,M,A
C9BA6F7E-5EED-01D8-A480-9ABC696F71BB,Brady,Higgins,Brady.Higgins@gmail.com,C,M,C
5269F042-BB7F-CC40-B9E9-2EDF9A347646,Carl,Simmons,Carl.Simmons@gmail.com,A,M,D
ADCCE812-DB1B-B338-E6B6-56D064910502,Drew,Graham,Drew.Graham@gmail.com,B,M,A
73F56264-B06E-840B-602D-8E60A1FD7B70,Declan,Singleton,Declan.Singleton@gmail.com,C,M,A
2B0E58E2-A4A7-5C5B-45C9-051D60AD0C06,Porter,Strickland,Porter.Strickland@gmail.com,A,M,C
57D3BA1E-3DF3-07A7-7E97-958E8CED2D54,Fritz,Briggs,Fritz.Briggs@gmail.com,B,M,D
2C5F8ECC-52CB-B964-1773-A9E329D539D5,Baxter,Nieves,Baxter.Nieves@gmail.com,C,M,B
0EEFB1E3-63AF-723C-DF86-F87E0CDFDC9D,Mufutau,Blanchard,Mufutau.Blanchard@gmail.com,A,M,B
9F0D4E22-12CC-4CC5-413B-AF0524D09A93,Wang,Caldwell,Wang.Caldwell@gmail.com,B,M,A
E6C801B3-6004-672B-B968-2C1B59DF4D55,Elliott,Arnold,Elliott.Arnold@gmail.com,C,M,B
B3E58616-C734-5ECA-8D37-0FD6AFBECA87,Rogan,Huff,Rogan.Huff@gmail.com,A,M,C
188B8171-60DC-8356-CF2B-C065860A1A7F,Keaton,Jacobs,Keaton.Jacobs@gmail.com,B,M,D
77134C3A-F914-31D3-8A9C-B4FFF37265CB,David,Hensley,David.Hensley@gmail.com,C,M,D
149D00F4-3020-7E36-75F1-B8BF3C3E5328,Phillip,Eaton,Phillip.Eaton@gmail.com,A,M,B
B3149808-2FE8-A845-6481-D776C743F2BB,Cedric,Parks,Cedric.Parks@gmail.com,B,M,A
74E87D46-072D-DD02-FB7A-AC46D04A82CD,Ciaran,Hobbs,Ciaran.Hobbs@gmail.com,C,M,B
256A3F7E-DF7C-4841-A5CB-9220C5A1C6CB,Lawrence,Jordan,Lawrence.Jordan@gmail.com,A,M,D
0B41D6D6-AF67-BD1D-2327-654FB5B48854,Dean,Bradford,Dean.Bradford@gmail.com,B,M,A
A3AEE54D-D989-F210-04A5-E7683291AF30,Tad,Hart,Tad.Hart@gmail.com,C,M,A
8487C358-84E3-B853-5998-28E7E61F96A1,Tiger,Faulkner,Tiger.Faulkner@gmail.com,A,M,A
C0F87BE9-D616-8A74-2902-E31052650B65,Buckminster,Mcpherson,Buckminster.Mcpherson@gmail.com,B,M,B
9B35CB81-51CE-4E1B-8DA2-290992F5A0D9,Felix,Munoz,Felix.Munoz@gmail.com,C,M,D
BCEA38AB-E30B-9218-B450-08EFEC32367C,Ulric,Lindsay,Ulric.Lindsay@gmail.com,A,M,B
F27003E2-2A34-42A9-B3B3-D9E5E24EF18F,Galvin,Lyons,Galvin.Lyons@gmail.com,B,M,C
5715B280-B480-22A0-BE7F-EF88C2671898,Brody,Fischer,Brody.Fischer@gmail.com,C,M,B
D990C89D-F62F-0E50-D3A8-3813BEE1F63E,Logan,Cohen,Logan.Cohen@gmail.com,A,M,B
989D910A-C15B-0766-26E1-A0EF9A27446E,Clayton,Levine,Clayton.Levine@gmail.com,B,M,D
B1383657-FE27-1F5B-3477-9378AB5BE0F9,Deacon,Ross,Deacon.Ross@gmail.com,C,M,B
7D990DE0-64E0-4F2A-80CD-3000AB5997B6,Malik,Dotson,Malik.Dotson@gmail.com,A,M,A
B9073760-D1F1-736F-4146-E52287EBBD3E,Simon,Savage,Simon.Savage@gmail.com,B,M,B
51BCF38F-A126-15DA-E241-065339964EC8,Arthur,Holman,Arthur.Holman@gmail.com,C,M,B
C3C6800A-E884-E682-8843-AECC644166FC,Forrest,Clay,Forrest.Clay@gmail.com,A,M,C
F1F6D7EF-CF03-E2E3-77DA-184655F2155A,Seth,Lucas,Seth.Lucas@gmail.com,B,M,D
D1D38D0E-9074-4630-F27F-E3705C7E7521,Clark,Clayton,Clark.Clayton@gmail.com,C,M,B
B1164EC4-2D2C-E28C-849D-A967A6299602,Tanek,Rosales,Tanek.Rosales@gmail.com,A,M,B
CFD1CEF1-C896-49FC-880A-1CD422C1F013,Quinn,Clements,Quinn.Clements@gmail.com,B,M,A
55BA6127-A33C-9697-972E-2D0CC469FDB0,Allistair,Lowe,Allistair.Lowe@gmail.com,C,M,C
6081F434-4E74-2C14-E4DB-6D694BE87863,Dillon,Barlow,Dillon.Barlow@gmail.com,A,M,D
ECBF040F-EA23-87CE-E586-85AFF11BA7BF,Troy,Durham,Troy.Durham@gmail.com,B,M,A
A356234F-7C91-7EAB-BBC0-74AEFAAB937F,Cooper,Vargas,Cooper.Vargas@gmail.com,C,M,C
903D357C-F3A6-E3FC-4219-088C33CACA32,Wayne,Norton,Wayne.Norton@gmail.com,A,M,A
C652CD2A-93F1-59FE-E750-75B176279349,Cedric,Pena,Cedric.Pena@gmail.com,B,M,C
130EDFC1-3612-3700-9E6F-C65E47136E85,Walter,Campbell,Walter.Campbell@gmail.com,C,M,B
855AA4A6-7F65-0381-1EAF-759CC70B8A6D,Alexander,Weaver,Alexander.Weaver@gmail.com,A,M,D
0872E9F4-B1A4-3852-4A6D-77654F0C6EFA,Troy,Hess,Troy.Hess@gmail.com,B,M,B
DF059CE7-CEB6-E671-58E2-E2411C6CCD63,Cruz,Jacobs,Cruz.Jacobs@gmail.com,C,M,C
AD5EA9CC-B483-23CD-F769-BC67A9A82D22,Rogan,Alston,Rogan.Alston@gmail.com,A,M,D
E21D37F7-D939-8F62-FFCE-28C0959C62A4,Omar,Mccarthy,Omar.Mccarthy@gmail.com,B,M,B
7C363753-1338-C3BD-C7A1-874D5CE9ACCF,Philip,Moreno,Philip.Moreno@gmail.com,C,M,D
7B68CD1B-5EA2-22B4-4694-B6DB187FBF3C,Craig,Morgan,Craig.Morgan@gmail.com,A,M,B
272D6D1A-BAEF-F02E-FB1C-4EDAE8D7B2C2,Solomon,Lloyd,Solomon.Lloyd@gmail.com,B,M,B
6C9B628E-A762-553C-207B-0EBFDD96B626,Thane,Underwood,Thane.Underwood@gmail.com,C,M,C
348FDAEA-C3F3-1D64-0C82-5C3F787B53F0,Nero,Waller,Nero.Waller@gmail.com,A,M,A
F278559C-A366-2A8B-BFE1-4C6A83D585AD,Kelly,Hawkins,Kelly.Hawkins@gmail.com,B,M,B
F34A7552-5D95-827E-9A30-33436DDAB1FE,Erasmus,Barry,Erasmus.Barry@gmail.com,C,M,B
3852C03A-346C-55EA-9A8A-E07692A54AFE,Ryan,Ford,Ryan.Ford@gmail.com,A,M,B
2B774B76-12EE-5176-AB7B-6C3A2D7727F6,Boris,Mcdonald,Boris.Mcdonald@gmail.com,B,M,B
41D5DC3C-94B8-82F5-372E-38EEC54D6A88,Colorado,Thornton,Colorado.Thornton@gmail.com,C,M,A
B76920B5-522E-0251-B1FE-13D86F381478,Eric,Stokes,Eric.Stokes@gmail.com,A,M,A
D1BC8BF4-1037-E48D-FA70-511939C05BC8,Mason,Vazquez,Mason.Vazquez@gmail.com,B,M,B
32ABABD5-7983-469F-67C4-F92B198B4E22,Igor,Peterson,Igor.Peterson@gmail.com,C,M,D
45BFEDA2-D798-9B62-B3BA-6D838C1A768D,Berk,Kane,Berk.Kane@gmail.com,A,M,C
7F2DD120-6EDE-67E2-F5DC-B68EB5662204,Cruz,Lynn,Cruz.Lynn@gmail.com,B,M,B
1C592772-70B6-B885-1F60-AC3D2ED2F0D4,Dennis,Mccormick,Dennis.Mccormick@gmail.com,C,M,C
7ABBCB97-3B87-CC02-297F-1A925B97F0CE,Devin,Strickland,Devin.Strickland@gmail.com,A,M,D
9674CEEC-2818-6D6A-5E93-68B7E59365BA,Rudyard,Nieves,Rudyard.Nieves@gmail.com,B,M,B
858C3D89-CE49-C683-9D47-28C4EC049CBB,Dexter,Ewing,Dexter.Ewing@gmail.com,C,M,B
0A48D26E-03AF-8374-04F0-079882DB262E,Declan,Riggs,Declan.Riggs@gmail.com,A,M,B
404F2474-8094-F448-78DD-D2FBFC1D9D94,Evan,Lee,Evan.Lee@gmail.com,B,M,A
EDAA4A46-62E4-72C8-23F5-15CD53709A14,Bradley,Kemp,Bradley.Kemp@gmail.com,C,M,D
B06934D0-6A2D-D0E3-21AA-3D46210D97BC,Fulton,Long,Fulton.Long@gmail.com,A,M,C
9D573D66-83A3-01AF-89EB-63AAD190E054,Dane,Eaton,Dane.Eaton@gmail.com,B,M,C
5471BA0D-1662-F7BD-0E02-5D43C597FC2F,Kato,Kent,Kato.Kent@gmail.com,C,M,B
0B15AC4C-C1E1-AB31-0D02-4764D4980FF7,Shay,Hall,Shay.Hall@gmail.com,A,F,B
CF03572A-7D32-38BA-7E14-1DE6A1D450E8,Amber,Atkins,Amber.Atkins@gmail.com,B,F,A
55F431FC-B702-5A5B-9B86-3794ED863E35,Britanni,Smith,Britanni.Smith@gmail.com,C,F,A
F0D4B5CA-1C66-31DE-273B-179E075AC748,Piper,Wilson,Piper.Wilson@gmail.com,A,F,C
F6BF22C5-A9DC-1091-0FF3-347884DCC9DA,Kylie,Oliver,Kylie.Oliver@gmail.com,B,F,C
CCDCFC35-0355-1562-C8AC-97F00AAB0558,Grace,Navarro,Grace.Navarro@gmail.com,C,F,C
21DE4603-D1B4-BA12-20CF-D2F92418ACC7,Eve,Snyder,Eve.Snyder@gmail.com,A,F,C
EF68B6B1-5B64-BADF-0FB8-F91C8D208116,Alana,Gray,Alana.Gray@gmail.com,B,F,A
252B3AD1-0EE9-F7F4-13F5-C7CC73CC55BA,Raya,Levy,Raya.Levy@gmail.com,C,F,A
3C07A956-F098-6445-D361-A6272708065A,Debra,Williamson,Debra.Williamson@gmail.com,A,F,B
236A0558-FDCA-4425-82C2-F673A8E5A671,Imogene,Ellison,Imogene.Ellison@gmail.com,B,F,B
0A3EE42D-9E48-2286-27CB-604B2A85BF39,Mary,Mullen,Mary.Mullen@gmail.com,C,F,C
11F5D5BB-DC4A-F905-4D23-D2A0728F274C,Lilah,Wall,Lilah.Wall@gmail.com,A,F,D
F766D577-8208-6B13-F099-E351E71A389C,Nevada,Gates,Nevada.Gates@gmail.com,B,F,D
19E8C51B-BAEB-2AE5-5453-5F60A4825D4B,Katelyn,Curry,Katelyn.Curry@gmail.com,C,F,A
B1D41D94-FE0F-7C1F-C6A7-BDBF3BB0C57F,Elaine,Stanley,Elaine.Stanley@gmail.com,A,F,A
EDDF4DBF-36F6-2580-440C-BF0C4EF48012,Rachel,Miranda,Rachel.Miranda@gmail.com,B,F,B
417CD529-0EFD-7DFA-CE7A-F2F6352BE79D,Whoopi,Mcmahon,Whoopi.Mcmahon@gmail.com,C,F,C
8BA7C3C6-097C-869A-1FF7-95DCE50EBB6F,Nevada,Rush,Nevada.Rush@gmail.com,A,F,C
94229FE3-6453-EFE9-1F89-273CFC9C6A89,Aileen,Morin,Aileen.Morin@gmail.com,B,F,C
786DBAD9-FF36-AEF4-648B-4370C687170C,Christine,Huff,Christine.Huff@gmail.com,C,F,C
D7630119-6C9C-0D19-CCA0-08527D9952E4,Raven,Harper,Raven.Harper@gmail.com,A,F,C
59AA5183-EED4-EC05-9B46-0E2F9961B1A7,Orla,Conley,Orla.Conley@gmail.com,B,F,D
0C5E6444-7267-A461-59E7-BF51776FB679,Carly,Burris,Carly.Burris@gmail.com,C,F,C
436C5963-6D0D-B29B-B4A8-3A6A1B26725E,Yvonne,Guzman,Yvonne.Guzman@gmail.com,A,F,D
51845EF3-1521-B0A6-5EB4-1BDF539BC973,Xena,Vaughan,Xena.Vaughan@gmail.com,B,F,D
FDB86C6C-DCFA-B1FF-C131-0F0F2C0A6422,Shaeleigh,Kirk,Shaeleigh.Kirk@gmail.com,C,F,A
8A56280D-EB88-B6CA-5464-020D8A612380,Haviva,Cruz,Haviva.Cruz@gmail.com,A,F,C
59C32E4B-2503-C20A-291F-640CEFF3C590,Robin,Patel,Robin.Patel@gmail.com,B,F,B
F88DB0AF-8625-4291-85E4-FAF233EEECED,Piper,Gross,Piper.Gross@gmail.com,C,F,B
CC8048D4-7D9D-FD75-9DA8-82554D9A1717,Hope,Shannon,Hope.Shannon@gmail.com,A,F,C
5EF69A70-EA40-C860-2648-1697B2D92A3B,Lillian,Adkins,Lillian.Adkins@gmail.com,B,F,C
DA315A1C-CDEE-3DAE-63E0-F9D45E45A57E,Nyssa,Waters,Nyssa.Waters@gmail.com,C,F,D
825A980D-08DD-ED9C-6CEF-E373537C9B28,Rama,Sanford,Rama.Sanford@gmail.com,A,F,D
AA7D1A52-1551-2B27-A6AD-2C11A723B7D8,Cherokee,Swanson,Cherokee.Swanson@gmail.com,B,F,B
BFC3C739-9982-43BB-F349-4A2AF8E8ECB1,Hollee,Mejia,Hollee.Mejia@gmail.com,C,F,C
F96C617F-07C0-DE9C-C787-6E90C9E429CF,Francesca,Hogan,Francesca.Hogan@gmail.com,A,F,C
62D38016-55AD-36C4-F734-1CDE68FF0373,Hannah,Valdez,Hannah.Valdez@gmail.com,B,F,D
1451DE03-2AB0-B58E-E374-94206A0C81CC,Chanda,Leblanc,Chanda.Leblanc@gmail.com,C,F,B
B4EDC1D9-1FE0-2AAF-AA52-4BC25F3AE325,Dawn,Burns,Dawn.Burns@gmail.com,A,F,B
9E1776CA-CA04-3689-5949-B1FDEF60D08F,Taylor,Rivas,Taylor.Rivas@gmail.com,B,F,A
49087BB3-E0A8-7507-9C77-5878F2454E60,Ciara,Nelson,Ciara.Nelson@gmail.com,C,F,A
32C775C2-0F83-D8C7-C623-7B67DB049DA7,Medge,Sanders,Medge.Sanders@gmail.com,A,F,D
924018D3-168A-2EA6-8E2C-B2AA8701CB9F,Cora,Bass,Cora.Bass@gmail.com,B,F,A
CB316BD5-8879-58B7-2C5B-FC23FB01F873,Kiayada,Ferrell,Kiayada.Ferrell@gmail.com,C,F,A
1793B8B8-0F09-639D-3345-E974F07A37B1,Paloma,Pate,Paloma.Pate@gmail.com,A,F,A
14327CFC-8318-23CE-0C60-F7D6DE09841C,Rae,Carpenter,Rae.Carpenter@gmail.com,B,F,D
C690D15C-A556-6B70-1F8A-82363EB590C1,Stella,Berger,Stella.Berger@gmail.com,C,F,A
E5AF302E-3B9E-4FA5-D50A-BD30F54B6C8A,Celeste,Floyd,Celeste.Floyd@gmail.com,A,F,B
FC24C43E-13AD-04AB-5982-9EF0A4C703BC,Nerea,Sweet,Nerea.Sweet@gmail.com,B,F,A
6C2B7D34-9A9D-A241-88F3-93583B32CF8E,Mikayla,Everett,Mikayla.Everett@gmail.com,C,F,D
0C8624CF-9FBC-AFF1-F8DF-0E0037C60D69,Darryl,Stanton,Darryl.Stanton@gmail.com,A,F,C
1F850B8B-13D0-8941-59AF-BD4164D18B86,Pandora,Martin,Pandora.Martin@gmail.com,B,F,B
5488C0FD-2D74-8380-108E-037694612194,Candace,Mccullough,Candace.Mccullough@gmail.com,C,F,B
B8A6DF9B-A60B-3913-A30B-45254BE2C237,Mikayla,Randall,Mikayla.Randall@gmail.com,A,F,A
8BB460EC-94C8-835D-BA14-4F64953230AA,Kelsey,Baird,Kelsey.Baird@gmail.com,B,F,D
D1C84E3E-69A3-6541-0E54-85A5154B6616,Alfreda,Montoya,Alfreda.Montoya@gmail.com,C,F,A
236BC533-3D10-EB3A-2EEB-ED9F8F75C3C5,Astra,Duran,Astra.Duran@gmail.com,A,F,D
80E6C39D-714F-1C8B-3EAB-47D679810BC6,Kelsey,Cervantes,Kelsey.Cervantes@gmail.com,B,F,C
10D60385-510F-D264-310D-69BDCC397C22,Samantha,Benjamin,Samantha.Benjamin@gmail.com,C,F,A
BA5D629E-5632-BA34-2095-3FF63F8204A2,Brianna,Wilkinson,Brianna.Wilkinson@gmail.com,A,F,B
127172FF-3E70-D5E9-1C6E-2A08BA57D6ED,Janna,Brewer,Janna.Brewer@gmail.com,B,F,A
AC089474-5F2D-B817-D3C3-509C7DE3B36F,Heather,Crane,Heather.Crane@gmail.com,C,F,A
5F4EC799-D063-5C9B-F694-9B787FC87F04,Ainsley,Cunningham,Ainsley.Cunningham@gmail.com,A,F,C
DFBCFF65-584F-4D9C-66A6-2E469A6BF959,Gwendolyn,Lancaster,Gwendolyn.Lancaster@gmail.com,B,F,C
837FCD31-613B-2B14-4F46-1BBCB8ECE3ED,Imani,Blankenship,Imani.Blankenship@gmail.com,C,F,B
5BC31206-B1DB-E827-905E-ACA2BF36076C,Destiny,Humphrey,Destiny.Humphrey@gmail.com,A,F,D
D4E0B414-186E-5029-3C24-1F41FC7924BD,Glenna,Stephenson,Glenna.Stephenson@gmail.com,B,F,C
5B169F14-1DDC-0C30-0ECF-29E7DC7686F6,Signe,Blackburn,Signe.Blackburn@gmail.com,C,F,B
783CC64E-550A-F5C6-423A-2EDEB5AC5CD2,Lunea,Mack,Lunea.Mack@gmail.com,A,F,C
D5797002-64E7-357B-0E4E-85DBA48396D7,Montana,Gonzalez,Montana.Gonzalez@gmail.com,B,F,B
5E530B4F-1003-DAEF-444F-240531BA4101,Cora,Miller,Cora.Miller@gmail.com,C,F,D
67807E7D-A84A-981C-1E06-7D198C67BF93,Brianna,Roberts,Brianna.Roberts@gmail.com,A,F,C
8F121962-A26A-4C25-4FC5-CC2926F7DBA1,Winifred,Reynolds,Winifred.Reynolds@gmail.com,B,F,A
3DD95BA7-265A-1C20-0989-33B63387BA03,Lee,Mccray,Lee.Mccray@gmail.com,C,F,D
42417D99-2B78-70AC-7F0A-0DFBABDEEB7A,Ifeoma,Gaines,Ifeoma.Gaines@gmail.com,A,F,C
1D0C6EFB-59BC-2DEA-4C3E-2A1CF13CC743,Flavia,Haney,Flavia.Haney@gmail.com,B,F,A
5EB72EAE-ED5E-FD1A-BB62-3F60763968E3,Cally,Roy,Cally.Roy@gmail.com,C,F,D
04EDD24D-8505-5641-CFD3-31256319BE63,Keelie,Snow,Keelie.Snow@gmail.com,A,F,D
838A2BE9-7D3E-A15D-38A3-AD92839CE89F,Brianna,Best,Brianna.Best@gmail.com,B,F,C
F2F419CB-B126-8288-9159-77C0A2238459,Erica,Mooney,Erica.Mooney@gmail.com,C,F,B
56A66B6A-7BC5-CD59-B798-7CCDCBF76F51,Pascale,Morrison,Pascale.Morrison@gmail.com,A,F,B
4972CDC5-BC8F-9DF7-96D0-B71A45732731,Aurelia,Fitzpatrick,Aurelia.Fitzpatrick@gmail.com,B,F,A
CFA5978D-FC8D-8158-0AB0-3A0D67CD0E0B,Paloma,Ross,Paloma.Ross@gmail.com,C,F,A
805C92D8-039A-E497-AC12-39EF866EDBA7,Joelle,Dean,Joelle.Dean@gmail.com,A,F,D
25CE0855-9575-FABD-2C98-8C2D772EE5F7,Sybill,Olsen,Sybill.Olsen@gmail.com,B,F,D
3BBC2C9D-66F1-D311-C0A4-71BBD20EDA5C,Ainsley,Hensley,Ainsley.Hensley@gmail.com,C,F,D
CB85476A-188C-FBC8-4DF8-C0972A9F1871,Glenna,Daniels,Glenna.Daniels@gmail.com,A,F,B
68126A94-3E28-EAB4-B3CA-F02179810B0A,Tamekah,Clayton,Tamekah.Clayton@gmail.com,B,F,D
7B1D332D-AF5E-0411-E11E-21DE4527088E,Patience,Nolan,Patience.Nolan@gmail.com,C,F,A
2EE4AC59-F9AB-0FC8-9B35-3227A7307645,Taylor,Mcleod,Taylor.Mcleod@gmail.com,A,F,A
23E5F54F-8956-97B3-2E19-7482DA26A534,Maisie,Langley,Maisie.Langley@gmail.com,B,F,C
BBF77C8F-A548-8A02-4F5F-6E1C04161D23,Teegan,Shepard,Teegan.Shepard@gmail.com,C,F,D
382FF9E5-501D-D7CD-C905-39CD77759E08,Ariana,Fletcher,Ariana.Fletcher@gmail.com,A,F,C
9C7AEB86-E28C-BACB-0BD5-BC68C7A5898F,Maile,Cox,Maile.Cox@gmail.com,B,F,D
1DC8B0FD-7D6B-179E-6396-FE81E9CB8370,Chastity,Weaver,Chastity.Weaver@gmail.com,C,F,B
841A956E-A5C8-8D83-5EB5-10598026C0B7,McKenzie,Reynolds,McKenzie.Reynolds@gmail.com,A,F,D
1ED5A51B-DBCC-0D68-026B-66AF9C0C3457,Martha,Wright,Martha.Wright@gmail.com,B,F,B
2DE88970-85F1-3661-DAF1-4154A1B19D5E,Deanna,Bolton,Deanna.Bolton@gmail.com,C,F,C
C735D139-39CB-4E19-6011-4CCC9D1F1EB0,Shelby,Sargent,Shelby.Sargent@gmail.com,A,F,A
C808A353-CE74-B901-D861-2429D9BF5163,Jaime,Fulton,Jaime.Fulton@gmail.com,B,F,A
E3611E0D-03BC-D412-8155-41F1D4184265,Azalia,Byers,Azalia.Byers@gmail.com,C,F,C
5B98CA60-410A-F4E5-5431-80D2430627EC,Deborah,Ortiz,Deborah.Ortiz@gmail.com,A,F,D
B7135393-9A98-323D-1D37-6686EC07DA6A,Evangeline,Watkins,Evangeline.Watkins@gmail.com,B,F,D
0E43C0A8-2068-3B9A-A9F0-EE9477053332,Ella,Elliott,Ella.Elliott@gmail.com,C,F,D
DC43F608-0A36-4AAE-4DB4-C5894E82F7FC,McKenzie,Russell,McKenzie.Russell@gmail.com,A,F,A
AEA351FA-DF69-1EE1-63BA-DC333B78D7FE,Quon,Humphrey,Quon.Humphrey@gmail.com,B,F,B
E48CAFA4-59FB-7666-635A-F6E284893D0E,Latifah,Mejia,Latifah.Mejia@gmail.com,C,F,D
5CD5A21C-4DF7-9494-2B3C-9392FF4934D7,Briar,Ingram,Briar.Ingram@gmail.com,A,F,C
2C4C6ED0-B457-1057-63E7-78DC1FA3E88B,Giselle,Estrada,Giselle.Estrada@gmail.com,B,F,A
1889113A-A58B-9852-E37D-657CD951C3AB,Harriet,Paul,Harriet.Paul@gmail.com,C,F,B
77156F95-3F0D-F3E7-8DAF-D7CBA41018E9,Maile,Terry,Maile.Terry@gmail.com,A,F,C
5CAEA90F-D5DF-B821-6185-7F19E4274CD3,Rachel,Foreman,Rachel.Foreman@gmail.com,B,F,A
E3D6105A-31EE-2BDB-9B70-14492A91F9D0,Sasha,Glass,Sasha.Glass@gmail.com,C,F,A
4D1CD9B0-4FDB-CAF3-9C02-31F7B18AF929,Carissa,Clay,Carissa.Clay@gmail.com,A,F,B
62AE1943-65D7-26AF-A4F8-B55FA9C3A18A,Rebekah,Sweet,Rebekah.Sweet@gmail.com,B,F,C
F47B858F-143F-EBB1-C8D0-7F54A7436CAD,Karyn,Rush,Karyn.Rush@gmail.com,C,F,C
04490FB4-BCD1-595A-A4A1-CB815D02CF7E,Jena,Jefferson,Jena.Jefferson@gmail.com,A,F,B
DFDEF4BA-681C-5BA4-737A-4212F8ADE3CC,Pamela,Dejesus,Pamela.Dejesus@gmail.com,B,F,B
CC44B1F3-B3B4-4F5D-0F3E-C05BA358DBA4,Belle,Potter,Belle.Potter@gmail.com,C,F,D
A9860F60-BC5F-E1CA-C83A-BC86388B964A,Daryl,Fischer,Daryl.Fischer@gmail.com,A,F,C
CE1D019F-4A00-86F8-C8EF-D49B2B8C100A,Velma,Bolton,Velma.Bolton@gmail.com,B,F,A
1B3BD986-5EA0-8FBC-85AE-A49B9542FD75,Anjolie,Bryan,Anjolie.Bryan@gmail.com,C,F,B
62E5ACF3-6313-8545-1B85-F01D76426A9D,Lareina,Cruz,Lareina.Cruz@gmail.com,A,F,B
39E5BB2C-4342-E746-2ED3-DBBA26DCF1A8,Zelda,Berry,Zelda.Berry@gmail.com,B,F,B
2A855CC4-FD38-E807-4CD7-FD6825A73E31,Calista,Turner,Calista.Turner@gmail.com,C,F,D
77C3B2A9-2124-A6E2-822F-5C36517DB392,Samantha,Merrill,Samantha.Merrill@gmail.com,A,F,C
C2987623-0BDC-CC74-2DC4-D94B3DBE2DCA,Jorden,Hull,Jorden.Hull@gmail.com,B,F,D
00AC8B51-BB39-2BEA-F32E-84E2879DEC23,Evangeline,Tyson,Evangeline.Tyson@gmail.com,C,F,A
42266D92-05A0-6634-14DC-A0AE5B64AAED,Leah,Phillips,Leah.Phillips@gmail.com,A,F,C
AD6501D0-3FC2-1E48-DC72-55126B0306D2,Shea,Cline,Shea.Cline@gmail.com,B,F,D
2A56FBA3-2688-A414-77DE-3AFB3E1C2673,Celeste,Robinson,Celeste.Robinson@gmail.com,C,F,D
DFEEE759-E992-6333-73A2-83FFB21FF070,Kay,Orr,Kay.Orr@gmail.com,A,F,C
307748FF-B13F-46E0-E51F-74A02EB0E1BF,Hedy,Carrillo,Hedy.Carrillo@gmail.com,B,F,B
B2C891C5-3B60-3CBA-42D4-0595F43F6183,Denise,Huber,Denise.Huber@gmail.com,C,F,D
2DD8DADF-EA85-5E26-2559-2BCCE361F46D,Bo,Arnold,Bo.Arnold@gmail.com,A,F,C
BA32E323-79DD-A6A4-D8FF-8980BF7861AC,Audra,Atkins,Audra.Atkins@gmail.com,B,F,D
992F3224-ACA8-BB53-E58B-8423AD4EB735,Margaret,Raymond,Margaret.Raymond@gmail.com,C,F,D
2751238B-E94C-7140-D9D4-FDF9600DB071,Miriam,Gill,Miriam.Gill@gmail.com,A,F,C
82E1F3E4-AD54-6C15-031C-3F0804053D65,Fatima,Gill,Fatima.Gill@gmail.com,B,F,D
FB55B39E-5D85-5963-C5A0-F37B1A812D8C,Jasmine,Higgins,Jasmine.Higgins@gmail.com,C,F,B
C55C5A24-3952-5F83-F8AC-61487972C66C,Hanna,Luna,Hanna.Luna@gmail.com,A,F,B
75CBD6A4-E18A-6F3F-C5AD-C06ECB9F6E7E,Scarlett,Craig,Scarlett.Craig@gmail.com,B,F,C
CE7718DD-C492-7482-2D5C-8F0D7BCB2A9B,Amanda,Hamilton,Amanda.Hamilton@gmail.com,C,F,A
AE160400-C6FE-B5C4-DBC4-3D1DE33983ED,Simone,Hensley,Simone.Hensley@gmail.com,A,F,B
262FD9FE-3E39-FDAC-5C54-97B50A16F326,Iona,Bird,Iona.Bird@gmail.com,B,F,B
C15B7BFF-7DBC-AF58-D4EE-A45D1F331322,Georgia,Guy,Georgia.Guy@gmail.com,C,F,A
46130390-1449-9D50-A1E5-D1785721BC41,Wanda,Mcdowell,Wanda.Mcdowell@gmail.com,A,F,A
2608A7C2-4974-2869-A619-7E1B762A206F,Cherokee,Burks,Cherokee.Burks@gmail.com,B,F,A
15E5B19A-8B97-28A5-4A14-4E753D53C66A,Julie,William,Julie.William@gmail.com,C,F,C
7CCA0519-0C7F-91D4-869B-3CA427D89FF9,Amena,Morgan,Amena.Morgan@gmail.com,A,F,D
592E349B-66AE-A4D4-0D45-8040710D342D,Oprah,Kim,Oprah.Kim@gmail.com,B,F,C
BDE3317E-99AE-FE46-07AA-50D299B8CE82,Meredith,Boone,Meredith.Boone@gmail.com,C,F,B
0ADCA573-3849-53B4-8698-279A7C4FC625,Hadley,Stanley,Hadley.Stanley@gmail.com,A,F,D
5504ECD1-C966-0345-79F2-67521768066C,Leigh,Best,Leigh.Best@gmail.com,B,F,B
7B8B9766-6514-8D38-14CC-5460552C381B,Cynthia,Wise,Cynthia.Wise@gmail.com,C,F,B
D3BBB390-569A-C08C-41A3-CB42988B2AFA,Mara,Dunn,Mara.Dunn@gmail.com,A,F,B
6D90E40B-7F7C-7298-3ED6-470798C1D14D,Christine,Mcclain,Christine.Mcclain@gmail.com,B,F,B
2CC8B6F5-F72B-EB98-0849-BEC5B69367F3,Rebecca,Moreno,Rebecca.Moreno@gmail.com,C,F,D
5033E73D-E133-2B0D-6CEC-53CD2A483162,Evangeline,Wall,Evangeline.Wall@gmail.com,A,F,B
33BA8EBA-D53E-BFFE-43D7-627E22394C93,Nerea,Watts,Nerea.Watts@gmail.com,B,F,A
80F8CA27-091B-9287-A00A-4AB7D0E3BD62,Marcia,Gentry,Marcia.Gentry@gmail.com,C,F,C
FBB18CB3-36ED-D896-66A6-B662AC26735C,Evelyn,Hoffman,Evelyn.Hoffman@gmail.com,A,F,C
1A4B3FAA-D78D-81EC-1052-51F79FEB3944,Bethany,Odonnell,Bethany.Odonnell@gmail.com,B,F,B
9B4D646F-A662-A9D3-CDEC-8C8FA7D4A102,McKenzie,Russo,McKenzie.Russo@gmail.com,C,F,C
A7C8BB1B-C22D-5E95-9613-D07FA190A8F4,Raven,Baker,Raven.Baker@gmail.com,A,F,B
3C3E3C86-78A0-044A-F22E-9E0C91FDF5DB,Lenore,Downs,Lenore.Downs@gmail.com,B,F,C
9046A358-B9F8-FC76-A60B-9D748085381E,Aphrodite,Wilkins,Aphrodite.Wilkins@gmail.com,C,F,C
5B6F6F64-DACE-F3FA-8131-8DA131B0A31B,Macey,Johnston,Macey.Johnston@gmail.com,A,F,B
1A1514A3-0121-8AEA-B9EC-6852A3391142,Hollee,Cherry,Hollee.Cherry@gmail.com,B,F,C
A272CE43-25AB-86A3-F2F9-950B88AD66F3,Noel,Long,Noel.Long@gmail.com,C,F,C
1FCBE8B1-63E5-D82D-7ACA-942FB4150776,Carol,Sykes,Carol.Sykes@gmail.com,A,F,B
0188C556-CD15-56CC-6EF8-1531ED09AD58,Mariam,Ferguson,Mariam.Ferguson@gmail.com,B,F,B
BC3BD9FB-CE13-B289-A557-46EBBAD25214,Tanya,Clark,Tanya.Clark@gmail.com,C,F,C
7A1DD0BD-3009-FD99-CFD7-13CA939E05AC,Hiroko,Ashley,Hiroko.Ashley@gmail.com,A,F,D
C63F10AE-F2BD-3CC8-2F61-263341CAAC4D,Ebony,Horn,Ebony.Horn@gmail.com,B,F,D
D329270E-6FB4-3752-1398-3E0CED8D21FE,Bethany,Clarke,Bethany.Clarke@gmail.com,C,F,A
2B724B82-DD59-19DF-3B6F-685DB9CCF2B8,Jeanette,Banks,Jeanette.Banks@gmail.com,A,F,C
9399B012-4902-6930-62A1-C09B0A2DAA1E,Amaya,Bright,Amaya.Bright@gmail.com,B,F,D
373C0D86-2C3E-710F-D06F-56947DF5442E,Octavia,Clay,Octavia.Clay@gmail.com,C,F,D
C716B1FF-CAFD-8AAF-C9E2-EE7B7A29BB24,Quyn,Parrish,Quyn.Parrish@gmail.com,A,F,D
ADBA9227-D301-F572-9C3B-3827CB1F14ED,Gay,Rosales,Gay.Rosales@gmail.com,B,F,D
768DA379-CFC0-4C9F-84E0-9E639E2E316E,Lucy,Sweeney,Lucy.Sweeney@gmail.com,C,F,D
2062DFE4-FD58-0AF2-F207-71BA09B8F939,Tatyana,Henderson,Tatyana.Henderson@gmail.com,A,F,C
F5D52B63-555F-7CFA-927E-E47437F2139D,Aurora,Alvarado,Aurora.Alvarado@gmail.com,B,F,C
9A753DAF-56F9-6708-C1D9-A489FF7543EC,Colleen,Cardenas,Colleen.Cardenas@gmail.com,C,F,D
A64C55DC-28E8-6A86-D781-2864A3D8255C,Winifred,Rios,Winifred.Rios@gmail.com,A,F,A
57081C1F-7363-F3D1-983C-95190F00F535,Eugenia,Levine,Eugenia.Levine@gmail.com,B,F,B
34B465C4-B3C2-280B-96BF-3777B13814D9,Odessa,Hester,Odessa.Hester@gmail.com,C,F,A
BA5CD1AB-DF3F-03E0-F4B5-FF45C0E426A6,Phyllis,Fischer,Phyllis.Fischer@gmail.com,A,F,D
1B2CE559-6A20-9333-A941-B93ED02A48AD,Meredith,Lee,Meredith.Lee@gmail.com,B,F,D
6872E775-87D3-325B-A251-4D728BC03618,Kyra,Drake,Kyra.Drake@gmail.com,C,F,B
EC9EF4F0-2089-5807-EDFE-92BCAA3A2EA7,Kathleen,Soto,Kathleen.Soto@gmail.com,A,F,B
E9AD55B6-6A36-7344-79DC-2D40CD463F70,Vielka,Sherman,Vielka.Sherman@gmail.com,B,F,C
57BDB007-09FD-E64F-5CE2-2FAE36A20E33,Cherokee,Harding,Cherokee.Harding@gmail.com,C,F,A
5BDFB3FA-460F-06BA-A661-13D95963413B,Buffy,Christian,Buffy.Christian@gmail.com,A,F,D
E2E927C1-2F75-3EF1-C96C-5A234792FBEE,Hilary,Michael,Hilary.Michael@gmail.com,B,F,A
3C1E87FA-79BB-AF9F-7A1E-CA6942C8A6E0,Kellie,Winters,Kellie.Winters@gmail.com,C,F,D
4611D629-4990-D163-4F1E-FE6315744502,Brynne,Bender,Brynne.Bender@gmail.com,A,F,B
109770F1-79D6-8B11-005D-040E8AFF7728,Hannah,Kirby,Hannah.Kirby@gmail.com,B,F,B
A176A05C-75A0-75EF-3BB0-D6B2319953C5,Marcia,Berry,Marcia.Berry@gmail.com,C,F,B
01335B82-BC7C-140F-B469-460975F3BED6,Caryn,Fletcher,Caryn.Fletcher@gmail.com,A,F,A
F959B788-9AB6-33F6-4C7A-DD1272DCF2F9,Hanae,Britt,Hanae.Britt@gmail.com,B,F,C
76A74F7F-7D8C-DE66-0DC2-06336FF49B10,Whitney,Bryan,Whitney.Bryan@gmail.com,C,F,A
A578E85E-A0BD-42F7-CD12-A948FBA823A2,Callie,Page,Callie.Page@gmail.com,A,F,C
2143C01B-B80E-6E13-4D21-FA2D36ECE2C7,Risa,Cervantes,Risa.Cervantes@gmail.com,B,F,B
218A6465-2C65-2A08-857F-DCF67614F618,Doris,Wilson,Doris.Wilson@gmail.com,C,F,C
3EA68C14-9142-0C9F-1833-1270171F0E96,Jemima,Campbell,Jemima.Campbell@gmail.com,A,F,D
342015A2-5AB3-FE31-2E88-2DF0D390966D,Alma,Cardenas,Alma.Cardenas@gmail.com,B,F,D
3A55C70F-D6BF-4A67-299D-C47ACF2BD621,Robin,William,Robin.William@gmail.com,C,F,B
A87300EC-AE84-A343-9CF4-B84231757326,Yvonne,Hines,Yvonne.Hines@gmail.com,A,F,B
B7872E30-EF95-37C9-4001-F04548994872,Melyssa,Cooke,Melyssa.Cooke@gmail.com,B,F,C
B73A4C55-81FF-25AF-C202-C7DDD3440A18,Lila,Merritt,Lila.Merritt@gmail.com,C,F,C
E896E393-C9F7-9B26-DFB6-270297AA2428,Nerea,Allison,Nerea.Allison@gmail.com,A,F,D
6CC95271-8669-7565-C559-50A1C264C805,Ingrid,Rivas,Ingrid.Rivas@gmail.com,B,F,A
5198904C-0B16-9F29-D7EF-AC6F629ACEE9,Brianna,Velez,Brianna.Velez@gmail.com,C,F,A
EAD90BD3-96D6-4B1C-A3CA-973F60F0DA95,Penelope,Cote,Penelope.Cote@gmail.com,A,F,C
5993DC1B-1955-CDEA-A1B0-F96DCB62AD12,Kylee,Petersen,Kylee.Petersen@gmail.com,B,F,C
23622B40-41A3-9A59-C3E2-ED55E7A999D3,Keiko,Ochoa,Keiko.Ochoa@gmail.com,C,F,C
F3714D50-BB39-BE8A-58B3-A1050C93132B,Hadley,Payne,Hadley.Payne@gmail.com,A,F,D
1C7E3A11-5CA3-9855-4D09-F60F5B024C0D,Bianca,Howard,Bianca.Howard@gmail.com,B,F,B
CA2EA3B2-7712-DBFD-F573-BC70BF2BE4EB,Halla,Hodge,Halla.Hodge@gmail.com,C,F,A
47581839-7D36-0443-6241-88FD02E8A704,Isabella,Sellers,Isabella.Sellers@gmail.com,A,F,B
8B8AEA8E-E5DC-0D80-4787-9BDE63374E96,Inez,Goff,Inez.Goff@gmail.com,B,F,B
D6EFEE3B-5AA3-FCBD-B36E-113CCAF6139E,Olga,Hopper,Olga.Hopper@gmail.com,C,F,C
B29CCA2D-12E6-33A1-ACE4-0142A13CBF6F,Olga,Jimenez,Olga.Jimenez@gmail.com,A,F,C
74A01898-E293-A3BE-16EA-750ABFC0C3B9,Melanie,Carey,Melanie.Carey@gmail.com,B,F,C
2832EB92-05AF-74FE-65D5-A28B416BB03E,Ruth,Lindsey,Ruth.Lindsey@gmail.com,C,F,C
11668094-B6B8-6ED0-3B70-82EE9812CDC3,Catherine,May,Catherine.May@gmail.com,A,F,B
172E2CA6-9800-D640-4533-5DC39C8052AC,Shelly,Rosales,Shelly.Rosales@gmail.com,B,F,A
3C259457-0889-4F5B-528A-578724816B62,Daryl,Hart,Daryl.Hart@gmail.com,C,F,A
04A3D61B-450D-6288-564D-60C40F4E5E8F,Kay,Serrano,Kay.Serrano@gmail.com,A,F,A
2A93F8F9-9E02-5C9F-0F35-EC0DE4F70B68,Jenna,Freeman,Jenna.Freeman@gmail.com,B,F,C
FB330A89-8191-A5AC-F7B6-A9DDF8ACB938,Callie,Hampton,Callie.Hampton@gmail.com,C,F,B
756AEA89-C9EE-1EB0-FE78-7C68A0DA6651,Mariam,Davidson,Mariam.Davidson@gmail.com,A,F,C
D27A84BF-BCEF-A931-2DAC-C8EF67F9004F,Patience,Williamson,Patience.Williamson@gmail.com,B,F,A
BDFFCB8E-809E-6C82-4A37-A3E6F7688968,Brenna,Hahn,Brenna.Hahn@gmail.com,C,F,A
622D950D-64C0-26FF-6A8E-A15B3AB14F71,Lacota,Cameron,Lacota.Cameron@gmail.com,A,F,D
A9BFE9A6-7956-D320-936C-4AE6429BEBCF,Alea,Tucker,Alea.Tucker@gmail.com,B,F,C
26503E2F-51B8-D1BA-2EAF-C51CA8867330,Mia,Thomas,Mia.Thomas@gmail.com,C,F,C
6916F5E2-9DAA-F4C2-4906-20F90E12385A,Mallory,Anthony,Mallory.Anthony@gmail.com,A,F,B
43060DFB-90B0-CA86-6019-13051CA3DC6F,Tatum,Boyd,Tatum.Boyd@gmail.com,B,F,B
E4FC7895-08FD-9463-6FD0-5909A4059201,Megan,George,Megan.George@gmail.com,C,F,D
F92DB486-BC6B-DC5C-9EB2-663F46BF3126,Lacota,Ramos,Lacota.Ramos@gmail.com,A,F,B
6EF30965-61A1-48E8-234A-7F7F866869FD,Maggie,Foley,Maggie.Foley@gmail.com,B,F,D
6043FE17-78E1-F4B3-6D06-D4DD00A9D3AE,Blossom,Woodward,Blossom.Woodward@gmail.com,C,F,B
EC1243E7-F3D5-1C21-F62E-69FB8F56B030,Kelsie,Jefferson,Kelsie.Jefferson@gmail.com,A,F,A
B0CEC221-3051-2CDC-986F-F758ADBDD255,Chastity,Hodges,Chastity.Hodges@gmail.com,B,F,D
0A889201-D6F0-8E88-E2C1-796CE2BF69F3,Gail,Finch,Gail.Finch@gmail.com,C,F,D
F889EAC6-A6C4-D581-1B9A-3623094FBC1F,Lois,Moreno,Lois.Moreno@gmail.com,A,F,A
AA61DCB9-F2C6-9D35-6C54-726ABF606C64,Kay,Crane,Kay.Crane@gmail.com,B,F,C
EE43A2EC-FDDC-816F-8DF7-2D8605B497F1,Kitra,Lindsay,Kitra.Lindsay@gmail.com,C,F,A
1C93C3BA-1245-1501-A04B-04305EA84B53,Shafira,Marquez,Shafira.Marquez@gmail.com,A,F,A
13AAD0E7-FA44-90B7-CD2A-0F9631563838,Judith,Lloyd,Judith.Lloyd@gmail.com,B,F,B
2C7C8BD8-1895-4781-46B9-2BAC393EB207,Cara,Conner,Cara.Conner@gmail.com,C,F,A
178D291A-49DC-A52A-8130-710A9D3259F8,Zelda,Manning,Zelda.Manning@gmail.com,A,F,A
9CCD6C74-CF2D-F9E9-90FD-8A1F608E0554,Christen,Peterson,Christen.Peterson@gmail.com,B,F,B
B4C38D53-8546-B42F-AC0F-53898DFE8DCF,Nyssa,Webb,Nyssa.Webb@gmail.com,C,F,B
4F2EB9BF-CB73-BD3A-E9F1-89C4EA8FD2FD,Charlotte,Blevins,Charlotte.Blevins@gmail.com,A,F,C
68997C78-DB16-A4B3-F525-472B04D48E25,Gloria,Jackson,Gloria.Jackson@gmail.com,B,F,C
809D3DD9-0C02-A130-5A85-F9B32FB8C581,Martha,Mills,Martha.Mills@gmail.com,C,F,B
37E462B2-580F-1148-9299-3955DA8E3F4B,Kyla,George,Kyla.George@gmail.com,A,F,D
AE74D807-CBE6-04EA-9FCC-D77B5C0A5170,Hedda,Whitney,Hedda.Whitney@gmail.com,B,F,C
43FA7C29-AD35-68E4-52C7-A2A3863B153B,Clare,Diaz,Clare.Diaz@gmail.com,C,F,D
841D4097-82DB-9719-83D1-1B239A028E05,Guinevere,Ballard,Guinevere.Ballard@gmail.com,A,F,A
A8521422-DFDD-ACD1-AFC8-1AF8FA894F7D,Aline,Allison,Aline.Allison@gmail.com,B,F,A
9FE6819E-B05E-8A68-98EE-068735354C82,Abra,Farrell,Abra.Farrell@gmail.com,C,F,C
C0A3961D-B94F-4445-D8D2-B98398C441D7,Eve,Blankenship,Eve.Blankenship@gmail.com,A,F,B
FFFD5775-E6FB-1A27-15E0-AE39ECAC4FCD,Ella,Velez,Ella.Velez@gmail.com,B,F,D
4D1BA082-A394-66FA-9B8E-3E9DA2648A88,Sacha,Buckley,Sacha.Buckley@gmail.com,C,F,B
2AA3E457-1F87-8D44-3A28-811051FEBBA9,Yvette,Gould,Yvette.Gould@gmail.com,A,F,B
5325CC72-5FF6-858B-2E2B-AE595B4821E1,Carla,Blair,Carla.Blair@gmail.com,B,F,B
7203039C-0A58-763E-80D0-7C4906424970,Yael,Bullock,Yael.Bullock@gmail.com,C,F,A
801CED98-11A5-F6AC-3826-857968175CB5,Amena,Jenkins,Amena.Jenkins@gmail.com,A,F,C
2AFF5C30-2EEB-6DB9-9C4E-450E5A22F5E0,Juliet,Frazier,Juliet.Frazier@gmail.com,B,F,B
FE33C66F-7F78-970F-DF35-0B70BD834783,Dora,Stanton,Dora.Stanton@gmail.com,C,F,C
038E0BC9-1E1C-FACF-5764-99C94B8B4421,Evelyn,Copeland,Evelyn.Copeland@gmail.com,A,F,B
3063FB19-4DFA-D2A6-2F10-7BB434914FD2,Sopoline,Mooney,Sopoline.Mooney@gmail.com,B,F,A
DCCFDF74-7E38-9253-B313-12A06C3118EE,Shay,Mayer,Shay.Mayer@gmail.com,C,F,D
A6BA9452-7C0E-9C54-D084-D5DCD72273D3,Eugenia,Knight,Eugenia.Knight@gmail.com,A,F,A
9E9895EB-B188-9062-FD95-3E4449EB4C18,Alyssa,Gordon,Alyssa.Gordon@gmail.com,B,F,A
0D2FE161-BD74-B3CE-F219-EEA08495B9CA,Melanie,Hurst,Melanie.Hurst@gmail.com,C,F,C
AC67BBA5-9273-171A-7414-45674B91F63C,Barbara,Lloyd,Barbara.Lloyd@gmail.com,A,F,A
D629CC06-468C-06FB-48A2-D631331DBEBB,Mechelle,Greer,Mechelle.Greer@gmail.com,B,F,A
B282F985-ABE6-9502-F1B0-A9F7B5EBCDEC,Chastity,Strong,Chastity.Strong@gmail.com,C,F,A
1BD5530B-AE06-31C2-1AE0-764E24981092,Wyoming,Oneal,Wyoming.Oneal@gmail.com,A,F,C
0581835C-2C12-C29C-0DC8-5922994A732E,Charde,Rowe,Charde.Rowe@gmail.com,B,F,A
D21A2B80-AA04-15FB-729D-D4662177DE0C,India,Mcneil,India.Mcneil@gmail.com,C,F,D
01A3EDA4-CE2A-0C0E-0847-BE7C04B6339D,Lee,Walters,Lee.Walters@gmail.com,A,F,A
6E44A99E-25AA-20DC-B70F-5632CD9F77BF,Karina,Morse,Karina.Morse@gmail.com,B,F,C
4836398F-3E08-0DF9-A1A0-E8FF30C548CE,Hollee,Griffith,Hollee.Griffith@gmail.com,C,F,D
6726C70B-1F42-8695-3499-F51C9873C5EA,Aubrey,Durham,Aubrey.Durham@gmail.com,A,F,A
CF6EBFFA-7F49-D6DD-F3EA-B3CCECD6D531,Breanna,Reynolds,Breanna.Reynolds@gmail.com,B,F,C
40D21789-2A0E-F831-8D43-FA77E7C39678,Remedios,King,Remedios.King@gmail.com,C,F,A
C3697E5A-B574-908B-A2A4-B285387FB28C,Mikayla,Petty,Mikayla.Petty@gmail.com,A,F,D
2C872A83-6BF7-4C8D-D8A9-59F0A80B8697,Paula,Beard,Paula.Beard@gmail.com,B,F,C
24BE7ABE-A531-1333-48C4-0472CCAFC9CD,Megan,Howell,Megan.Howell@gmail.com,C,F,D
71111C26-A22E-21CD-36B7-A6B5FCD694BE,Nora,Doyle,Nora.Doyle@gmail.com,A,F,B
97845F18-99B1-94C9-3714-74303E8D01D1,Diana,Herman,Diana.Herman@gmail.com,B,F,C
79EDC109-6B74-1D98-240E-B280CDDA61A4,Macey,Cote,Macey.Cote@gmail.com,C,F,B
887878B5-1A8C-59FB-F08E-739F94CC7057,Stacy,Campos,Stacy.Campos@gmail.com,A,F,C
1DCA9BF5-BFD7-BC00-1852-6DE8DC987F29,Kirsten,Wood,Kirsten.Wood@gmail.com,B,F,D
33177BB3-7497-786D-CE3E-D27B4BF7A7F5,Dahlia,Johnston,Dahlia.Johnston@gmail.com,C,F,C
934F9320-A08F-DBC3-F9D7-844B25A0A6A1,Medge,Yang,Medge.Yang@gmail.com,A,F,A
510A1D68-D71F-59F3-2CA8-9A2E24E2B3BA,Mallory,Barnes,Mallory.Barnes@gmail.com,B,F,B
42612FC3-EB5C-8A8B-1925-A807BEAA4FFD,Larissa,Bright,Larissa.Bright@gmail.com,C,F,A
A25EED5B-8770-C3EF-3E0F-F339193F8D81,Jennifer,Klein,Jennifer.Klein@gmail.com,A,F,D
7E394B93-CCAD-EC4D-9DCC-EFA6D8A2DDCC,Sophia,Harrell,Sophia.Harrell@gmail.com,B,F,C
76B47771-F3F6-3956-FAB3-8A6987198752,Ulla,Buck,Ulla.Buck@gmail.com,C,F,D
9B54FCCF-4B58-18BE-3751-8906D9D6CE40,Gemma,Ferrell,Gemma.Ferrell@gmail.com,A,F,D
723EE84A-D4B6-C1BE-3EDC-22385B8F6DBF,Cathleen,Hall,Cathleen.Hall@gmail.com,B,F,C
C4AF196A-6653-C740-6A22-04892FC77509,McKenzie,Dunn,McKenzie.Dunn@gmail.com,C,F,B
2C871227-6676-5632-898F-A0DB63654A66,Britanney,Campbell,Britanney.Campbell@gmail.com,A,F,A
DE1BB577-87CF-3FF9-25E3-4B0B1BE764E1,Ruth,Bender,Ruth.Bender@gmail.com,B,F,D
33F7E826-BAC8-D6A5-8D45-8F979215F175,Lillian,Alford,Lillian.Alford@gmail.com,C,F,A
32AE20E4-47D2-5E19-A4A4-715A82CEE1C7,Lisandra,Hebert,Lisandra.Hebert@gmail.com,A,F,D
1400FA0B-8644-728D-ABE1-2FBBA295AE97,Ava,Kidd,Ava.Kidd@gmail.com,B,F,A
8BD3AC77-CB6D-D7D4-F3AD-021AAA661DD6,Fleur,Conway,Fleur.Conway@gmail.com,C,F,A
D8CF16EE-C8B3-3643-23B3-CD1EB4607B42,Cora,Fulton,Cora.Fulton@gmail.com,A,F,C
B9CE90E4-1E5E-C75E-CA89-164AFF435C67,Shay,Avila,Shay.Avila@gmail.com,B,F,C
7D9F427D-6ACD-3201-D73E-6CA992DD79AC,Rhona,Rivera,Rhona.Rivera@gmail.com,C,F,A
476DB088-E6D6-E042-EF21-CF80C03661FC,Natalie,Stark,Natalie.Stark@gmail.com,A,F,B
AB82A591-C34D-298D-53B0-EF7BEF130DC1,Gillian,Adkins,Gillian.Adkins@gmail.com,B,F,C
EBFCB401-7625-9064-CE93-092076359285,Xerxes,Gamble,Xerxes.Gamble@gmail.com,C,F,D
332C7359-089E-FFF8-5E3F-CE36ED4E7A4B,Gay,Hudson,Gay.Hudson@gmail.com,A,F,C
4AA1E15F-3E08-B5B0-D9C2-05D893519D76,Tamekah,Charles,Tamekah.Charles@gmail.com,B,F,A
B6CAB81A-087F-CD73-971F-5B628DAE06C4,Quail,Blevins,Quail.Blevins@gmail.com,C,F,C
6DCF1EA3-C712-332A-4DB9-4E1A90821955,Leah,Holcomb,Leah.Holcomb@gmail.com,A,F,B
55B5760E-2C14-6384-9064-DDE623FF8359,Quynn,Curtis,Quynn.Curtis@gmail.com,B,F,B
648ADDFC-69D9-8D4E-C88D-22916D57D9A6,Sigourney,Hancock,Sigourney.Hancock@gmail.com,C,F,A
E441564C-C870-E790-DEC7-793DB78938CC,Fatima,Reyes,Fatima.Reyes@gmail.com,A,F,B
7C9F2F5B-B769-3677-417C-E651394E4A6D,Sade,Donaldson,Sade.Donaldson@gmail.com,B,F,C
BC92BBCB-EFC5-EEFD-BECB-FDC74BCDAB8C,Lael,Yang,Lael.Yang@gmail.com,C,F,B
AB5FAB0A-C30E-9A3A-81E5-95808AD62DFF,Geraldine,Poole,Geraldine.Poole@gmail.com,A,F,B
F69A27DE-0AD7-336D-7906-0B86AAF72779,Carol,Ferguson,Carol.Ferguson@gmail.com,B,F,B
D76BA612-34CE-4AF4-807B-C140C70C7CE3,Cameran,Weaver,Cameran.Weaver@gmail.com,C,F,D
8B6E4EE1-1E3F-F7D7-3DD1-F9B7EA49BA8F,Carolyn,Henderson,Carolyn.Henderson@gmail.com,A,F,A
77E2048E-C3A1-F595-F7FF-7BD2D3698894,Lana,Larsen,Lana.Larsen@gmail.com,B,F,D
56AD6C17-C21B-A92C-1C5C-90F32BE4797F,Cheyenne,Fischer,Cheyenne.Fischer@gmail.com,C,F,D
F07D21BE-41FB-E151-9382-95E87DCF86F1,Adele,Mcfadden,Adele.Mcfadden@gmail.com,A,F,D
38D2E0BD-4312-9E0F-FF1F-065B89B6B7C6,Janna,Lee,Janna.Lee@gmail.com,B,F,C
344A832D-79A9-BFB7-82CD-E17B2D107FD7,Quin,Fulton,Quin.Fulton@gmail.com,C,F,A
E2FE5F65-2DC3-87F9-19DC-AE14530B464E,Ursula,Chang,Ursula.Chang@gmail.com,A,F,C
5F55CB8D-5AA0-9917-66BF-E74A3386F2DD,Shana,Gamble,Shana.Gamble@gmail.com,B,F,B
8EF1D51C-CB32-A8D5-B405-714F983AF9B9,Lacey,Rivas,Lacey.Rivas@gmail.com,C,F,C
E09A080C-579A-8EE7-E508-B4792ADE9EAF,Kalia,Snider,Kalia.Snider@gmail.com,A,F,C
85C8B1CE-563E-EFB3-A340-03F6F9AAE854,Unity,Burnett,Unity.Burnett@gmail.com,B,F,A
30658DFA-BD30-1F0F-2A15-A146A77242C2,Alexa,Fleming,Alexa.Fleming@gmail.com,C,F,D
23ACB85B-3444-6ECF-A2E8-1DAD90DFB6E6,Maxine,Buckley,Maxine.Buckley@gmail.com,A,F,C
F14A96BD-21F9-5C5D-80D1-602FF64F1EFB,Phoebe,Sherman,Phoebe.Sherman@gmail.com,B,F,C
C4BCC4B1-E139-0512-CA91-54A25524F66D,Chloe,Luna,Chloe.Luna@gmail.com,C,F,A
E363AA3F-B227-2485-9D52-24F3552EFA8F,September,Reynolds,September.Reynolds@gmail.com,A,F,D
9CD7F633-93A9-088C-DA1B-143020144C50,Maile,Crawford,Maile.Crawford@gmail.com,B,F,D
3EC98C8C-69F8-E330-FB47-0C3DBBE97C81,Hedda,Shaw,Hedda.Shaw@gmail.com,C,F,A
DED97401-BF8C-74C8-8516-4B851A0390FC,Halla,Burch,Halla.Burch@gmail.com,A,F,D
8E41DB3D-0B8C-AE38-042C-B3F9633AED7D,Tanya,Sharpe,Tanya.Sharpe@gmail.com,B,F,C
6998D5D7-7300-4B4A-D60E-5AA16BA925DE,Genevieve,Weber,Genevieve.Weber@gmail.com,C,F,B
5D36522F-F442-D902-AFD7-2741DD61F9BE,Amelia,Burnett,Amelia.Burnett@gmail.com,A,F,B
172AB56B-EA8F-6B52-E64A-1F010DA8F246,Shellie,Willis,Shellie.Willis@gmail.com,B,F,B
67668254-1A6C-FAA5-5210-3D10EC471BBC,Melyssa,Holden,Melyssa.Holden@gmail.com,C,F,B
45E822FB-7C2C-C6EF-3951-57E800F28C11,Ursula,Dotson,Ursula.Dotson@gmail.com,A,F,D
39A60DA0-8C26-5216-3EC0-7E28D2A243E7,Noelani,Ellison,Noelani.Ellison@gmail.com,B,F,B
6449E2FA-D1FB-F673-39DB-D3E2106315D0,Isabelle,Joyce,Isabelle.Joyce@gmail.com,C,F,C
29976788-8684-A009-A1A6-7A0CE9A22152,Ora,Ashley,Ora.Ashley@gmail.com,A,F,D
3C70BB36-6C41-A077-8DBD-D3F9D3C8223D,Deanna,Patel,Deanna.Patel@gmail.com,B,F,C
A3987F08-02C2-985B-ECCC-7A1B6D9B8C81,Ila,Conner,Ila.Conner@gmail.com,C,F,D
FC46A71A-673E-B0BD-5069-F94F6680D285,Nicole,Lee,Nicole.Lee@gmail.com,A,F,A
1AAA2A51-4CDB-A0A8-3B40-5B23123FEF54,Cameran,Bray,Cameran.Bray@gmail.com,B,F,C
57B29F37-740C-7870-D16C-90F2CEE286C4,Sierra,Pratt,Sierra.Pratt@gmail.com,C,F,C
D7920C13-3F53-0422-201A-877E8EB084CB,Madison,Bonner,Madison.Bonner@gmail.com,A,F,B
EC75972D-1599-26DD-B7C2-D9557EEF52CB,Charity,Collins,Charity.Collins@gmail.com,B,F,A
6AD8B58B-757F-A751-706E-02DE3754429C,Joy,Marks,Joy.Marks@gmail.com,C,F,A
A2ABAFBE-6157-58AB-436E-164524A2002A,Rhiannon,Stout,Rhiannon.Stout@gmail.com,A,F,D
EB904E7B-461F-2B80-AAAC-5213F0D67109,Maite,Livingston,Maite.Livingston@gmail.com,B,F,C
36FE3357-9DAF-B22C-D2FC-12B58D392472,Regan,Webster,Regan.Webster@gmail.com,C,F,D
F8462FA0-06A3-8B2D-812A-41A282EA5647,Macey,Dunn,Macey.Dunn@gmail.com,A,F,A
00FE21D4-8B56-BCF4-46BB-C9D9C0D40E5B,Rosalyn,Baird,Rosalyn.Baird@gmail.com,B,F,A
53C7941F-733E-FB4E-32C5-54332A8F3F9D,Rhiannon,Rowe,Rhiannon.Rowe@gmail.com,C,F,B
A0140DB4-FD85-1B72-D9C7-F3AF707433A6,Yuri,Jimenez,Yuri.Jimenez@gmail.com,A,F,C
B20312C9-8716-6DE1-BD6F-3F3E4B4AE2ED,Camille,Steele,Camille.Steele@gmail.com,B,F,B
33557531-8215-B6BE-B988-C83414546F3F,Ina,Caldwell,Ina.Caldwell@gmail.com,C,F,B
D95AD3E6-F408-C5AD-D8F8-6E51079D90B6,Raya,Hurley,Raya.Hurley@gmail.com,A,F,D
5B5FBE8C-B241-CC59-8CA1-B89C8DCFCCA6,Quynn,Bond,Quynn.Bond@gmail.com,B,F,D
1C213A2C-A86F-0E41-7C04-B1C4B0CB9DD9,Jasmine,Wilcox,Jasmine.Wilcox@gmail.com,C,F,D
6994198B-AB6C-47D9-4093-652C10A544E2,Skyler,Goodwin,Skyler.Goodwin@gmail.com,A,F,B
3412580A-8836-DD5F-397E-7EDDDADEDE8F,Chloe,Rodriguez,Chloe.Rodriguez@gmail.com,B,F,B
8F69912C-BE37-A914-EF82-1912DD10EF7E,Dacey,Mason,Dacey.Mason@gmail.com,C,F,B
75F6343A-0D22-E35E-FA33-DFDC5FA7F4FA,Ciara,Combs,Ciara.Combs@gmail.com,A,F,D
FA7F369A-C35B-6235-9F4D-44C58B51C58F,Daria,Coffey,Daria.Coffey@gmail.com,B,F,A
FECBBA76-AD6A-3988-5C67-ED79832E7EAF,Latifah,Shepherd,Latifah.Shepherd@gmail.com,C,F,B
BC78EDCB-7BB5-4624-9590-66103F88F869,Maxine,Sutton,Maxine.Sutton@gmail.com,A,F,A
0FCE1887-67FC-67DC-96C9-58B1EE5C8BFD,Reagan,Larsen,Reagan.Larsen@gmail.com,B,F,D
3E106801-DB25-E665-2BC9-E0A060DDB214,Hollee,Booker,Hollee.Booker@gmail.com,C,F,B
A120883E-52C2-9854-CE4F-D62A624CA59E,Keiko,Barron,Keiko.Barron@gmail.com,A,F,A
F57326E6-B8F8-C378-9BB8-79C1F4637381,Liberty,Newman,Liberty.Newman@gmail.com,B,F,D
EC1FB323-8A15-F069-9560-B47DC3C5D83F,Penelope,Livingston,Penelope.Livingston@gmail.com,C,F,A
7D817AEF-A7CF-98A3-8B97-9D67854EA11C,Cynthia,Sampson,Cynthia.Sampson@gmail.com,A,F,A
36E97EFF-9B29-DDAE-0546-B2C75CD5DA6C,Dawn,Cruz,Dawn.Cruz@gmail.com,B,F,D
A95EA7CA-CA4D-919F-AA4A-0081EDC67901,Libby,Castaneda,Libby.Castaneda@gmail.com,C,F,A
0B66FBD3-4063-7FF4-17C1-ADF91D14F0A4,Minerva,Johns,Minerva.Johns@gmail.com,A,F,A
0F6A7813-D3A7-BAF7-F1FA-5B2026E411B7,Sasha,Reed,Sasha.Reed@gmail.com,B,F,D
4F43495C-D62C-FCF6-0393-B04E75C60286,Laurel,Cabrera,Laurel.Cabrera@gmail.com,C,F,A
D4B4122A-A095-89D4-3226-A3F38B4331F8,Taylor,Ochoa,Taylor.Ochoa@gmail.com,A,F,A
5542BC40-3A67-E18F-586A-88D1B7ABF429,Cassady,Mcfadden,Cassady.Mcfadden@gmail.com,B,F,D
024E407C-CD05-3186-6F87-F868FE012F3F,Hillary,Gilbert,Hillary.Gilbert@gmail.com,C,F,B
C77B55E3-5699-BC9A-78BD-4F91D89F6CD3,Karleigh,Gallagher,Karleigh.Gallagher@gmail.com,A,F,B
C665ECDF-CC34-6951-9CED-4AF51640D999,Nadine,Terrell,Nadine.Terrell@gmail.com,B,F,B
FBBD0509-DB3F-E89F-0009-B6DB11C801BC,Sybil,Joyce,Sybil.Joyce@gmail.com,C,F,D
8B8A19BC-1210-17F2-DEB5-CA2300208FEE,Reagan,Giles,Reagan.Giles@gmail.com,A,F,A
29B93824-8C53-AC11-8AB6-CA9F4B16E85F,Tatyana,Kramer,Tatyana.Kramer@gmail.com,B,F,D
A8D9313C-C20E-5A01-119E-C11C3A5585A4,Adena,Santana,Adena.Santana@gmail.com,C,F,C
A1B1B3F6-6264-F5DA-0254-9CE5444C1D35,Kaye,Goodman,Kaye.Goodman@gmail.com,A,F,D
0FF06F94-DF44-66A3-72EB-1F99C121F4A9,Mikayla,Richardson,Mikayla.Richardson@gmail.com,B,F,C
44E26671-C8DB-37E5-1A96-4497963F7747,Hadley,Peters,Hadley.Peters@gmail.com,C,F,D
D9563FDC-1AE1-3FB6-1ACE-124708B67E67,Octavia,Atkinson,Octavia.Atkinson@gmail.com,A,F,A
16F719A7-CD16-22F7-38DF-CA0242F69C61,Jeanette,Ford,Jeanette.Ford@gmail.com,B,F,B
ED2F01BA-A4DC-5A77-D1D8-C1903D59A0FA,Savannah,Mayer,Savannah.Mayer@gmail.com,C,F,C
B4F96F37-DFF8-BCCC-CB62-C81CA37F637B,Jada,Foreman,Jada.Foreman@gmail.com,A,F,B
D39B56BA-179D-550D-12C1-750922A9B736,Noelle,Pittman,Noelle.Pittman@gmail.com,B,F,D
4397C880-CAC9-BF68-93D8-275C42D183AE,Sonia,Wells,Sonia.Wells@gmail.com,C,F,C
CDA5A6B7-5318-45F9-E594-CFFA980FB063,Scarlet,Riggs,Scarlet.Riggs@gmail.com,A,F,A
765CFB9B-A21E-3157-302A-C26011CDB503,Savannah,Avila,Savannah.Avila@gmail.com,B,F,C
9B86D682-4D01-06B8-FFF3-15DCB9207CDD,Rowan,Graham,Rowan.Graham@gmail.com,C,F,A
D170F1B3-DE93-13D8-A402-FF36CBAFE611,Blaine,Carroll,Blaine.Carroll@gmail.com,A,F,D
EAF7D598-3472-A55E-CC5A-2FD938E779FF,Demetria,Ochoa,Demetria.Ochoa@gmail.com,B,F,A
5DFF75B7-A4C8-B732-59B8-22713AC53B7F,Tamara,Cook,Tamara.Cook@gmail.com,C,F,A
980A9CA9-E4E7-3C2C-7D5D-FC3D5E289604,Gay,Collins,Gay.Collins@gmail.com,A,F,C
CD946FAC-5545-19F7-A475-6974735C971C,Petra,Key,Petra.Key@gmail.com,B,F,D
6D666A9F-B169-B7BB-058C-7C99ADA3588A,Aiko,Ferguson,Aiko.Ferguson@gmail.com,C,F,C
8054040F-7340-8219-CCE2-07C66F270783,Gisela,Murray,Gisela.Murray@gmail.com,A,F,D
0F4128E9-8877-56EE-B3FD-1820D9F2C220,Candace,Dennis,Candace.Dennis@gmail.com,B,F,C
31DD0742-9327-9C1E-3F2E-37EBF4D8FD0D,Mira,Woodward,Mira.Woodward@gmail.com,C,F,B
69EC49B0-FF04-6EBD-6547-9B1BD3DCC76F,Jessamine,Conway,Jessamine.Conway@gmail.com,A,F,B
2B3AA308-7D22-6C0A-60A6-5AC0DDF68BED,Quinn,Blackburn,Quinn.Blackburn@gmail.com,B,F,A
A9CC2CEC-F5DD-A82F-00A0-BE12BF188CE4,Beverly,Wilcox,Beverly.Wilcox@gmail.com,C,F,C
08694AF2-38CB-294F-6C3F-2C4D89805526,Samantha,Nieves,Samantha.Nieves@gmail.com,A,F,D
34C74FB6-892D-9C4E-A297-4C4D2308A0C8,Shay,Nieves,Shay.Nieves@gmail.com,B,F,C
60F0CADD-374B-66F2-EFD6-96EF6C33FE22,Urielle,Bass,Urielle.Bass@gmail.com,C,F,B
4AFB5F3E-D35B-28B2-E6C3-5E88442F2CD4,Uma,Hutchinson,Uma.Hutchinson@gmail.com,A,F,C
FE304700-21D3-2943-03B9-A155F2E33BD5,Nichole,Mccarthy,Nichole.Mccarthy@gmail.com,B,F,B
B9E595F3-4CBC-83B3-52DA-B43225D46637,Noelani,Nguyen,Noelani.Nguyen@gmail.com,C,F,C
93729635-C0F9-8F6C-A682-A70B8C1E41E7,Michelle,Blair,Michelle.Blair@gmail.com,A,F,C
1801A95F-048E-C630-2AED-9B81BF4924FE,Shannon,Burgess,Shannon.Burgess@gmail.com,B,F,C
945B5441-DB24-6A90-2E4A-C6A20EAB6C52,Sophia,White,Sophia.White@gmail.com,C,F,A
216BACCF-F7AE-B904-48A6-F341821DDF56,Kameko,Castaneda,Kameko.Castaneda@gmail.com,A,F,A
8456877A-798C-FE81-0EB2-175EA5AFFE37,Adele,Lopez,Adele.Lopez@gmail.com,B,F,C
CFCF9EE8-B03C-FD32-50D8-6411F33973AC,Ursula,Duke,Ursula.Duke@gmail.com,C,F,C
2EED02D7-CA0A-A242-E1E7-A97E9E25E8EE,Penelope,Frost,Penelope.Frost@gmail.com,A,F,C
97AE8FD0-8B83-0CCC-A489-E41BB204E81F,Colette,Gallegos,Colette.Gallegos@gmail.com,B,F,A
A445E706-EACE-1D54-BF74-62D8898315AD,Claudia,Mcmahon,Claudia.Mcmahon@gmail.com,C,F,C
B418CB6B-CEA4-776A-F3E9-055529F4D4A0,Alexis,Hurst,Alexis.Hurst@gmail.com,A,F,D
0647462E-7B28-CCD4-F9CE-8D279596CEDB,Rose,Vinson,Rose.Vinson@gmail.com,B,F,A
27F17D8B-3035-BEDC-70CC-94B76DB9CC31,Rowan,Underwood,Rowan.Underwood@gmail.com,C,F,A
DD08E309-416B-7964-E390-BB03401631D9,Iona,Noble,Iona.Noble@gmail.com,A,F,C
FBC4CEAF-7FBC-E2D7-5252-27D5F94A9395,Maisie,Phillips,Maisie.Phillips@gmail.com,B,F,C
70A32274-11D4-DEDC-97CB-D95C3421286C,Nita,Bradshaw,Nita.Bradshaw@gmail.com,C,F,D
87B531AC-1585-98C1-3749-8791A80109F1,Katell,England,Katell.England@gmail.com,A,F,C
1C0DF1FC-8D14-DCAA-69B1-6DB33B42D55D,Jael,Ashley,Jael.Ashley@gmail.com,B,F,A
EC7233EF-AB3A-A041-375D-0EE461C022B6,Sasha,Hess,Sasha.Hess@gmail.com,C,F,C
912ED8BF-DBB4-F4B4-7FF7-B5E6CCDDCEDA,Hadassah,Levy,Hadassah.Levy@gmail.com,A,F,D
CC04140D-43E4-9122-FABF-F7CCC3C08250,Unity,Erickson,Unity.Erickson@gmail.com,B,F,C
05ACBB3D-B3FF-1B33-CD79-8D72688C8E17,May,Palmer,May.Palmer@gmail.com,C,F,B
1BE39FAB-F036-5D91-5E82-029BAB999786,Avye,Cantrell,Avye.Cantrell@gmail.com,A,F,C
0936E5CE-C38C-63A8-4A1B-072438C46AC7,Imelda,Bush,Imelda.Bush@gmail.com,B,F,B
5D9FE58E-8E8C-A243-A2AF-BCD69D527B24,Ayanna,Mckee,Ayanna.Mckee@gmail.com,C,F,C
FA30E2CB-0BF6-155D-9114-FA963E166FEF,Heather,Holland,Heather.Holland@gmail.com,A,F,D
A6F43514-512C-ECF6-D135-4DA9E5C80CED,Nell,Alston,Nell.Alston@gmail.com,B,F,A
165ED2EC-5D72-C6B9-5A03-DF3F2D46400C,Joan,Henderson,Joan.Henderson@gmail.com,C,F,A
A3088D24-EA1C-99BB-DF78-7B5808019860,Meghan,Sosa,Meghan.Sosa@gmail.com,A,F,C
0627D0E8-2DE6-CD6C-5A22-F51C11063080,Jade,Acevedo,Jade.Acevedo@gmail.com,B,F,B
25DFBF3A-A1E7-6CD8-96D3-DB3397DDADDD,Xaviera,Michael,Xaviera.Michael@gmail.com,C,F,B
84F7019B-D06B-DD42-0A17-6F6029526FB7,Delilah,Prince,Delilah.Prince@gmail.com,A,F,A
5D9657BF-900B-287B-9B36-391B7B5DABDB,Wynter,Howell,Wynter.Howell@gmail.com,B,F,B
1C1AF2D9-F891-43CB-2DBE-5102CE6634BA,Wilma,Gentry,Wilma.Gentry@gmail.com,C,F,C
CEA47EF0-757B-7D33-ADEE-BF3466D8B6CA,Karyn,Tran,Karyn.Tran@gmail.com,A,F,A
34AF56A4-B0DC-6B6E-D387-813540EF8133,Courtney,Hale,Courtney.Hale@gmail.com,B,F,D
7ACEF282-B8F3-0E14-BB1C-765D48311997,Daria,Clarke,Daria.Clarke@gmail.com,C,F,B
40C058B2-4F2B-7A75-AF1B-916CD1777709,Gisela,Delgado,Gisela.Delgado@gmail.com,A,F,D
A7692C0A-142F-65B2-0CE8-1F38E8875B5F,Celeste,Frye,Celeste.Frye@gmail.com,B,F,B
FF378754-D885-7093-383B-7987C64C7D3D,Veda,Leonard,Veda.Leonard@gmail.com,C,F,A
BAA5BB15-ACB2-4338-B8B1-B8993E30EA8B,Orli,Beasley,Orli.Beasley@gmail.com,A,F,D
D6844D8B-A0A8-BFD1-7D93-F7AAD8E26A0E,Suki,Mosley,Suki.Mosley@gmail.com,B,F,A
211854D2-F45C-9F13-865B-AA54521D2DF6,Buffy,Powers,Buffy.Powers@gmail.com,C,F,B
92E6A0B2-4162-3B8C-FF06-C6D39480137B,Suki,Peters,Suki.Peters@gmail.com,A,F,D
D58501A3-C70C-0BF2-5F04-23D8532DAE3C,Leilani,Greer,Leilani.Greer@gmail.com,B,F,B
671295FB-998A-FF68-56CD-5AFCD8CE8FF9,Wynne,Dyer,Wynne.Dyer@gmail.com,C,F,B
0626EC56-F145-5FCF-0F47-3B0CD43F5D7C,Keiko,Roy,Keiko.Roy@gmail.com,A,F,A
29F88A18-D001-F868-E71A-DE211A587755,Maisie,Rios,Maisie.Rios@gmail.com,B,F,A
3146C3D5-9A75-EE4B-0ED0-7ED43E471409,Renee,Lara,Renee.Lara@gmail.com,C,F,B
448A8B35-7CED-8C7D-FCAF-74E6117478A1,Melanie,Navarro,Melanie.Navarro@gmail.com,A,F,C
42B3836D-41C7-FFCB-601A-DDCE6FA1D2C6,Evelyn,Romero,Evelyn.Romero@gmail.com,B,F,A
9D29A5F5-4D80-2820-199C-4D6272D10131,Althea,Powell,Althea.Powell@gmail.com,C,F,C
5359AF3A-9553-8019-654A-7264F598AE68,Fallon,Swanson,Fallon.Swanson@gmail.com,A,F,B
656D0A06-3992-9FB6-77A0-902BE7C92800,Adele,Kemp,Adele.Kemp@gmail.com,B,F,B
506B885B-45F7-11D6-A818-062CC0B940C2,Ulla,Francis,Ulla.Francis@gmail.com,C,F,D
C3AE788E-66A9-06D3-2B39-3B382BCD281F,Kylynn,Hines,Kylynn.Hines@gmail.com,A,F,C
EAAFA95D-3183-12DF-E9ED-2B60E3924D2D,Briar,Bond,Briar.Bond@gmail.com,B,F,B
544F5DF1-B16E-9B36-F937-4BF06A54D639,Nina,Duffy,Nina.Duffy@gmail.com,C,F,B
4D11B614-AE37-C67B-B54B-DC16EB15DBD6,Ina,Weaver,Ina.Weaver@gmail.com,A,F,A
B01806DD-0328-0768-69A4-0906EF5D7B99,Jade,Gill,Jade.Gill@gmail.com,B,F,D
5F625FA7-67FC-79D0-CD7F-7EDCF6F335CF,Quon,Ashley,Quon.Ashley@gmail.com,C,F,B
0A2B57E0-64B0-2636-BF04-73454BB6F655,Hillary,Smith,Hillary.Smith@gmail.com,A,F,C
5EEB7502-7428-791B-5222-CF37FE4C5A76,Whoopi,Weaver,Whoopi.Weaver@gmail.com,B,F,A
B05DD16F-D93C-E85F-2247-0716A3F85D94,Abra,Ratliff,Abra.Ratliff@gmail.com,C,F,D
9C2E7102-3813-FEB5-5930-59616A8449A1,Haley,Vega,Haley.Vega@gmail.com,A,F,B
62CD4E21-BB39-AD5A-7B59-B76AAA81E09C,Quin,Buckner,Quin.Buckner@gmail.com,B,F,A
8BF1DA0D-C79D-CB82-0431-3B25AE82A198,Bethany,Rasmussen,Bethany.Rasmussen@gmail.com,C,F,C
20E73A33-6534-204A-C0EC-843CC572C57A,Anika,Livingston,Anika.Livingston@gmail.com,A,F,A
09E1866B-AA8D-2AF9-4C65-A784EE1FD1CC,Ginger,Harmon,Ginger.Harmon@gmail.com,B,F,D
62E63345-540C-E6C8-040B-6195AFF49B21,Ori,Osborne,Ori.Osborne@gmail.com,C,F,D
38687829-9058-90AE-3964-C75731EDF838,Alfreda,Rowland,Alfreda.Rowland@gmail.com,A,F,C
C40DB20E-75AF-5D24-E9BF-3376C9DDF983,Joy,Cline,Joy.Cline@gmail.com,B,F,C
72AF9636-4E1D-B876-ADD3-78EA16A245F4,Rebecca,Everett,Rebecca.Everett@gmail.com,C,F,A
24A15A5B-5075-B643-317D-3749C6E19A59,Hanna,Lawson,Hanna.Lawson@gmail.com,A,F,D
27BB3997-14E9-D8E4-B1B9-1DA449A24F65,Desiree,Stout,Desiree.Stout@gmail.com,B,F,C
3166F916-08C1-5135-1C35-439D74C18699,Zenia,Rich,Zenia.Rich@gmail.com,C,F,C
7CF1B0CB-9706-F067-9714-9994DD6C88F6,Yael,Dominguez,Yael.Dominguez@gmail.com,A,F,A
B4BD9300-AC96-C676-C201-FA76EA5A70DD,Colleen,Butler,Colleen.Butler@gmail.com,B,F,B
41DE195D-BAFF-F72F-36AA-C8802D375FCB,Constance,Howell,Constance.Howell@gmail.com,C,F,A
9BCB6F87-8221-3DC0-89BA-5664D13D789D,Beatrice,Wood,Beatrice.Wood@gmail.com,A,F,B
DFD0DB29-0808-21AF-59D4-091DE24538D1,Ariel,Boyer,Ariel.Boyer@gmail.com,B,F,C
0A63C76E-0307-2116-C1B8-47DAE077EF65,Haley,Hurley,Haley.Hurley@gmail.com,C,F,A
9B63D706-F199-15A4-BA13-AD9D678D5483,Venus,Richardson,Venus.Richardson@gmail.com,A,F,C
4BC9EB20-4EBA-5921-EAA6-47407E371B8E,Shay,Swanson,Shay.Swanson@gmail.com,B,F,C
91692D07-96D9-D815-C512-959E3D46C3DC,Vielka,Lancaster,Vielka.Lancaster@gmail.com,C,F,A
362F5B2D-4871-39F1-FE23-C97F95A9FB53,Mollie,Duran,Mollie.Duran@gmail.com,A,F,B
4D77C2C1-B8EA-B516-5C5B-4BDBC7114A42,Evangeline,Sweeney,Evangeline.Sweeney@gmail.com,B,F,C
EC073A1C-5620-62BF-0333-006EA517A974,Mariko,Hardin,Mariko.Hardin@gmail.com,C,F,B
D103B15E-FBA3-F1E5-A517-94086148AA32,Maisie,Coffey,Maisie.Coffey@gmail.com,A,F,C
53E4AD20-CB01-0700-9466-A847D00B61FD,Tallulah,Olson,Tallulah.Olson@gmail.com,B,F,B
C989BEAA-CBBA-C02B-5E02-2030B9D71FDA,Iola,Booth,Iola.Booth@gmail.com,C,F,C
D11C3F22-B8F7-A37A-E460-DAE62E16A2F8,Audra,Chan,Audra.Chan@gmail.com,A,F,C
E5BD75D8-574D-693E-4B16-785CE5A85B28,Kaitlin,Tucker,Kaitlin.Tucker@gmail.com,B,F,B
7C0A251D-FA13-0643-1FA7-0EF8DDC84F9E,Ulla,Trujillo,Ulla.Trujillo@gmail.com,C,F,C
417BB581-8A53-E060-306F-C6CCED128A61,Beatrice,Wood,Beatrice.Wood@gmail.com,A,F,C
095F2017-16EC-CBE9-E41B-0334E971D256,Briar,Mcneil,Briar.Mcneil@gmail.com,B,F,D
71BDB3F6-A63B-FF2F-F2C0-746469BF7741,Alice,Francis,Alice.Francis@gmail.com,C,F,B
76899A28-E436-B0C6-503A-5BF8CC78E581,Iliana,William,Iliana.William@gmail.com,A,F,B
9CBA3D29-4E20-E148-3873-85ED8AFE22F9,Nadine,Graves,Nadine.Graves@gmail.com,B,F,C
7811FD99-E6C7-32A3-F240-2AB73FED9951,Alexa,Jacobson,Alexa.Jacobson@gmail.com,C,F,B
8F289D14-ABB8-A05D-6E3C-FF1E94E52E06,Pamela,Cooke,Pamela.Cooke@gmail.com,A,F,D
30DCF7A7-EA74-342F-D50D-99137BCB299B,Whoopi,Melendez,Whoopi.Melendez@gmail.com,B,F,B
93308D8D-2BF7-26FD-AB12-93F4C1D503EE,Leigh,Shields,Leigh.Shields@gmail.com,C,F,A
7F42719C-58DD-069C-04DA-256EDBC78F26,Stacy,Keller,Stacy.Keller@gmail.com,A,F,B
072A131E-2504-9080-0082-7ED87E8821EE,Yvette,Pate,Yvette.Pate@gmail.com,B,F,A
D9EDB48C-1C93-013D-A51F-414FBED66882,Yvonne,Mcdonald,Yvonne.Mcdonald@gmail.com,C,F,D
BAE7746E-4D1A-88A2-EFF2-6FFC468F7E62,Kristen,Holmes,Kristen.Holmes@gmail.com,A,F,B
2B53E597-CB8F-2988-3C8A-964FED2330F5,Calista,Raymond,Calista.Raymond@gmail.com,B,F,D
59855C5A-B3CE-0E00-BA00-634175C84198,Pascale,Gallegos,Pascale.Gallegos@gmail.com,C,F,B
81227F89-7CD8-F67C-0152-BF310F37AE89,Latifah,Yang,Latifah.Yang@gmail.com,A,F,B
74F305B2-0174-88FA-593F-FBE44A7B8EE1,Madonna,Woodard,Madonna.Woodard@gmail.com,B,F,C
4B1CC2C9-F8B2-BE51-3FB8-7BBF703CBAF7,Fallon,Ortiz,Fallon.Ortiz@gmail.com,C,F,D
FB0FFC0D-FA3A-3CAE-73FE-2342D69A60BF,Alana,Burch,Alana.Burch@gmail.com,A,F,A
B3975B05-2DC9-DCC8-18C2-63374DE58A4A,Madonna,Shepard,Madonna.Shepard@gmail.com,B,F,D
9FBC9D02-4D3C-817A-6C2C-096F994033A4,Gay,Doyle,Gay.Doyle@gmail.com,C,F,D
17FECB35-95C6-47B4-AC21-4D40B8B45602,Jordan,Norman,Jordan.Norman@gmail.com,A,F,A
957D4F0F-36C8-E6F1-E7DB-CF288EBC79B9,Erin,Casey,Erin.Casey@gmail.com,B,F,C
0B02D4F4-E567-81DF-B16B-939C95FA83CF,Rylee,Head,Rylee.Head@gmail.com,C,F,B
FB3DAD02-D1AC-6D15-F3A6-023EC7DCDCC0,Rebekah,Schwartz,Rebekah.Schwartz@gmail.com,A,F,C
4D8FBE4E-2BA0-BBFD-E819-544AB8E5C141,Amber,Mckenzie,Amber.Mckenzie@gmail.com,B,F,D
80559460-762B-5E26-1C15-2245D4DDB00F,Jordan,Mack,Jordan.Mack@gmail.com,C,F,A
375EB337-3BB3-C69C-8E08-95130E51190A,Francesca,William,Francesca.William@gmail.com,A,F,B
76F52E87-D4E0-582E-8BDB-D396BC024C4A,Xandra,Rosa,Xandra.Rosa@gmail.com,B,F,C
8F79D60A-EBE8-6246-0886-F189A5FBF8A1,Xyla,Cortez,Xyla.Cortez@gmail.com,C,F,C
D32B9803-3534-1B0D-B37E-473D97000561,Winter,Hicks,Winter.Hicks@gmail.com,A,F,D
1E7ADC38-B8B5-9E46-502A-F03FCF1058D9,Savannah,Stephenson,Savannah.Stephenson@gmail.com,B,F,D
7B381CC0-3691-22D6-07FF-DDA37A8605B7,Jolie,Sullivan,Jolie.Sullivan@gmail.com,C,F,C
B71F9B86-B019-3F37-526E-5F3C9F5F9276,Madeline,Walker,Madeline.Walker@gmail.com,A,F,B
A2C3166A-FE4C-A5FD-6C06-B9BF23F66C2F,Shannon,Hernandez,Shannon.Hernandez@gmail.com,B,F,A
4EEFE25F-AEDB-05BD-F7BF-1D4899E1DD72,Tanisha,Cardenas,Tanisha.Cardenas@gmail.com,C,F,A
208871A4-8442-7C34-C3D8-23D6926591D7,Patricia,Moore,Patricia.Moore@gmail.com,A,F,C
D9273601-7B0B-043D-BC24-4034D37A53CA,Heidi,Small,Heidi.Small@gmail.com,B,F,A
DBB53DC9-8774-426E-CF3C-54ABD78A9901,Patricia,Jennings,Patricia.Jennings@gmail.com,C,F,B
3D1D4ABB-FFFE-0C89-0589-0E44DCDF6B69,Jennifer,Henderson,Jennifer.Henderson@gmail.com,A,F,B
4A056E9A-BD99-1445-DCF6-3BB43942F977,Delilah,Everett,Delilah.Everett@gmail.com,B,F,B
B2B95C54-A070-2B81-A956-3D8E727A23A8,Vera,Delacruz,Vera.Delacruz@gmail.com,C,F,A
E8C0A0C5-C727-3603-BB9B-0732ACA2E34A,Yuri,Calhoun,Yuri.Calhoun@gmail.com,A,F,A
3315D168-390D-5A15-41EA-9F0EA2E91EC0,Daphne,Shelton,Daphne.Shelton@gmail.com,B,F,B
D6C33777-E27F-3718-B0A1-FA834495E614,Orli,Floyd,Orli.Floyd@gmail.com,C,F,A
D83B0A03-654C-93BD-A575-E20240C8DE8F,Amity,Wells,Amity.Wells@gmail.com,A,F,D
AEB8503A-02F8-445A-1E66-C82D6FA71050,Ann,Aguilar,Ann.Aguilar@gmail.com,B,F,D
B0BF2C1A-94D4-3F1D-58DD-34A91C034825,Minerva,Drake,Minerva.Drake@gmail.com,C,F,C
1E4843EE-5A7B-4B46-E93A-B76B08CA7A1C,Maya,Sampson,Maya.Sampson@gmail.com,A,F,C
9C46E6E1-3087-2328-B851-1D17B9F49BA6,Azalia,Bryan,Azalia.Bryan@gmail.com,B,F,C
47A5EBBC-B2CB-117C-B240-472BCE038D5A,Wynne,Black,Wynne.Black@gmail.com,C,F,C
347CC3A6-81E8-AAFF-6886-E53DBCAA084E,Venus,Kim,Venus.Kim@gmail.com,A,F,D
36223D54-7CBB-4999-65D7-571ED9B1437A,Shoshana,Whitfield,Shoshana.Whitfield@gmail.com,B,F,D
00B292D0-10A1-8BCD-ED10-49F79A2405D4,Mallory,Camacho,Mallory.Camacho@gmail.com,C,F,A
B73FC622-EC7E-FB69-654D-B36475FBC923,May,Watts,May.Watts@gmail.com,A,F,A
38F90E5B-E9B7-5581-6E8D-B37A4675B490,Imogene,Hayden,Imogene.Hayden@gmail.com,B,F,A
CF2B22B1-F7FE-21FF-5D77-33A743C405DD,Ariel,Vaughan,Ariel.Vaughan@gmail.com,C,F,D
1EFD4EED-7E4E-2661-885B-4228BC0E3BB2,Naomi,Horne,Naomi.Horne@gmail.com,A,F,B
1DC344BA-25CA-2985-FB9B-69FF6493ADAA,Karleigh,Simpson,Karleigh.Simpson@gmail.com,B,F,D
6D544487-B996-6F7A-BF9A-CE9D73473A6A,Audrey,Sargent,Audrey.Sargent@gmail.com,C,F,A
08470212-0270-23B4-E930-8641957380FA,Bryar,Beck,Bryar.Beck@gmail.com,A,F,D
C422A9BC-F5EC-3CDF-D842-8DFB47D26AC1,Gisela,Hopkins,Gisela.Hopkins@gmail.com,B,F,A
C85A123B-5715-F2ED-9DE4-63BAFC35E7FD,Ayanna,Cox,Ayanna.Cox@gmail.com,C,F,C
C4BEE77E-0525-63AB-D8D6-06998CB61381,Xena,Sosa,Xena.Sosa@gmail.com,A,F,B
C789B303-1F6A-96D6-9F43-C42E82730F92,Maia,Ortega,Maia.Ortega@gmail.com,B,F,B
10FA9B9A-6D4A-A8CD-9CE8-9933448DA4BE,Mollie,Cortez,Mollie.Cortez@gmail.com,C,F,B